Workbook
Name ANDRES: #REF!
Name ANDRES: #REF!
Name ANDRES: #REF!
Name ANDRES: #REF!
Name ARON: #REF!
Name AUX: [1]SEM.01!$AJ$6:$AK$45
Name BASE: #REF!
Name COPIA: #REF!
Name COPIAA: #REF!
Name CRUCE: #REF!
Name CRUCES: #REF!
Name IGOB: #REF!
Name INCON: #REF!
Name MIRE: #REF!
Name MIRO: #REF!
Name NOM: #REF!
Name NOM.: #REF!
Name NOM.04: #REF!
Name NOMIN: #REF!
Name NOMINA: #REF!
Name NUEVO: #REF!
Name SEM.03: #REF!
Name SEM.03B: #REF!
Name SEM.03C: #REF!
Name SEM.03V: #REF!
Name SEM.04: #REF!
Name SEM.04.: #REF!
Name SEMANA.03: #REF!
Name SSEM.08: [1]SEM.01!$AG$6:$AH$45
Name TABLA3: #REF!
Name TABLA4: #REF!
Name TABLA7: #REF!
Name TABLA7.05: #REF!
Name TABLA7.08: [1]SEM.01!$AM$6:$AN$45
Name TABLA7.3: #REF!
Name TABLA7.31: #REF!
Name TABLA7.5: #REF!
Name TABLA8: #REF!

Sheet NOMINA
B1: FLETES SOTELO S.A. DE C.V.
B2: VIAJES FORANEOS JUAREZ - CHIHUAHUA
B3: SEMANA #42 PERIODO DEL 06 AL 12 DE OCTUBRE DEL 2025
C4: EMPLEADO | D4: VIAJES FORANEOS | E4: NO. DE REPORTE | L4: RENDIMIENTO
B5: 0001 | C5: AGUILAR ESQUIVEL CARLOS | D5: =+'AGUILAR ESQUIVEL CARLOS'!Q37 -> 9671.0291 | E5: =+'AGUILAR ESQUIVEL CARLOS'!O40 -> 45901 | F5: =+'AGUILAR ESQUIVEL CARLOS'!O41 -> 45913 | G5: =+'AGUILAR ESQUIVEL CARLOS'!O42 -> 45944 | H5: =+'AGUILAR ESQUIVEL CARLOS'!O43 -> 45980 | I5: =+'AGUILAR ESQUIVEL CARLOS'!O44 -> 0 | J5: =+'AGUILAR ESQUIVEL CARLOS'!O45 -> 0 | K5: 0
B6: 1332 | C6: AGUILAR RODRIGUEZ JORGE ALONSO | D6: =+'AGUILAR RODRIGUEZ JORGE ALONSO'!Q37 -> 8324.5218 | E6: =+'AGUILAR RODRIGUEZ JORGE ALONSO'!O40 -> 45859 | F6: =+'AGUILAR RODRIGUEZ JORGE ALONSO'!O41 -> 45885 | G6: =+'AGUILAR RODRIGUEZ JORGE ALONSO'!O42 -> 46315 | H6: =+'AGUILAR RODRIGUEZ JORGE ALONSO'!O43 -> 46333 | I6: =+'AGUILAR RODRIGUEZ JORGE ALONSO'!O44 -> 0 | J6: =+'AGUILAR RODRIGUEZ JORGE ALONSO'!O45 -> 0 | K6: 0
B7: 2067 | C7: =+'AGUILERA CONTRERAS LUIS GERARDO'!E11 -> AGUILERA CONTRERAS LUIS GERARDO | D7: =+'AGUILERA CONTRERAS LUIS GERARDO'!Q38 -> 6532.4526 | E7: =+'AGUILERA CONTRERAS LUIS GERARDO'!O41 -> 46386 | F7: =+'AGUILERA CONTRERAS LUIS GERARDO'!O42 -> 45920 | G7: =+'AGUILERA CONTRERAS LUIS GERARDO'!O43 -> 45931 | H7: =+'AGUILERA CONTRERAS LUIS GERARDO'!O44 -> 45964 | I7: =+'AGUILERA CONTRERAS LUIS GERARDO'!O45 -> 0 | J7: =+'AGUILERA CONTRERAS LUIS GERARDO'!O46 -> 0
B8: 2505 | C8: ANCHONDO ROMERO CESAR ALEJANDRO | D8: =+'ANCHONDO ROMERO CESAR ALEJANDRO'!Q37 -> 2113.339 | E8: =+'ANCHONDO ROMERO CESAR ALEJANDRO'!O40 -> 45949 | F8: =+'ANCHONDO ROMERO CESAR ALEJANDRO'!O41 -> 45967 | G8: =+'ANCHONDO ROMERO CESAR ALEJANDRO'!O42 -> 0 | H8: =+'ANCHONDO ROMERO CESAR ALEJANDRO'!O43 -> 0 | I8: =+'ANCHONDO ROMERO CESAR ALEJANDRO'!O44 -> 0 | J8: =+'ANCHONDO ROMERO CESAR ALEJANDRO'!O45 -> 0
B9: 0007 | C9: BALDERRAMA ROBLES JORGE | D9: =+'BALDERRAMA ROBLES JORGE'!Q37 -> #N/A | E9: =+'BALDERRAMA ROBLES JORGE'!O40 -> 0 | F9: =+'BALDERRAMA ROBLES JORGE'!O41 -> 0 | G9: =+'BALDERRAMA ROBLES JORGE'!O42 -> 0 | H9: =+'BALDERRAMA ROBLES JORGE'!O43 -> 0 | I9: =+'BALDERRAMA ROBLES JORGE'!O44 -> 0 | J9: =+'BALDERRAMA ROBLES JORGE'!O45 -> 0
B10: 0028 | C10: BALLEZA RAMIREZ JESUS JOSE | D10: =+'BALLEZA RAMIREZ JESUS JOSE'!Q37 -> 14125.009 | E10: =+'BALLEZA RAMIREZ JESUS JOSE'!O40 -> 46394 | F10: =+'BALLEZA RAMIREZ JESUS JOSE'!O41 -> 45912 | G10: =+'BALLEZA RAMIREZ JESUS JOSE'!O42 -> 45955 | H10: =+'BALLEZA RAMIREZ JESUS JOSE'!O43 -> 45946 | I10: =+'BALLEZA RAMIREZ JESUS JOSE'!O44 -> 45983 | J10: =+'BALLEZA RAMIREZ JESUS JOSE'!O45 -> 0
B11: 0029 | C11: BURGOS TORRES RIGOBERTO | D11: =+'BURGOS TORRES RIGOBERTO'!Q36 -> 8962.2219 | E11: =+'BURGOS TORRES RIGOBERTO'!O39 -> 46392 | F11: =+'BURGOS TORRES RIGOBERTO'!O40 -> 45916 | G11: =+'BURGOS TORRES RIGOBERTO'!O41 -> 45952 | H11: =+'BURGOS TORRES RIGOBERTO'!O42 -> 0 | I11: =+'BURGOS TORRES RIGOBERTO'!O43 -> 0 | J11: =+'BURGOS TORRES RIGOBERTO'!O44 -> 0 | K11: =+'BURGOS TORRES RIGOBERTO'!O45 -> 0
B12: 2550 | C12: CARDENAS CARDENAS JAVIER ALEJANDRO | D12: =+'CARDENAS CARDENAS JAVIER '!Q37 -> #N/A | E12: =+'CARDENAS CARDENAS JAVIER '!O40 -> 0 | F12: =+'CARDENAS CARDENAS JAVIER '!O41 -> 0 | G12: =+'CARDENAS CARDENAS JAVIER '!O42 -> 0 | H12: =+'CARDENAS CARDENAS JAVIER '!O43 -> 0 | I12: =+'CARDENAS CARDENAS JAVIER '!O44 -> 0 | J12: =+'CARDENAS CARDENAS JAVIER '!O45 -> 0 | K12: =+'CARDENAS CARDENAS JAVIER '!O46 -> 0
B13: 0035 | C13: CARRERA REYES MARTIN SEBASTIAN | D13: =+'CARRERA REYES MARTIN SEBASTIAN'!Q38 -> 7511.5417 | E13: =+'CARRERA REYES MARTIN SEBASTIAN'!O41 -> 46381 | F13: =+'CARRERA REYES MARTIN SEBASTIAN'!O42 -> 45917 | G13: =+'CARRERA REYES MARTIN SEBASTIAN'!O43 -> 45932 | H13: =+'CARRERA REYES MARTIN SEBASTIAN'!O44 -> 45962 | I13: =+'CARRERA REYES MARTIN SEBASTIAN'!O45 -> 0 | J13: =+'CARRERA REYES MARTIN SEBASTIAN'!O46 -> 0
B14: 2548 | C14: CORDOVA URIBE JOSE ADRIAN | D14: =+'CORDOVA URIBE JOSE ADRIAN'!Q37 -> #N/A | E14: =+'CORDOVA URIBE JOSE ADRIAN'!O40 -> 0 | F14: =+'CORDOVA URIBE JOSE ADRIAN'!O41 -> 0 | G14: =+'CORDOVA URIBE JOSE ADRIAN'!O42 -> 0 | H14: =+'CORDOVA URIBE JOSE ADRIAN'!O43 -> 0 | I14: =+'CORDOVA URIBE JOSE ADRIAN'!O44 -> 0 | J14: =+'CORDOVA URIBE JOSE ADRIAN'!O45 -> 0 | K14: =+'CORDOVA URIBE JOSE ADRIAN'!O46 -> 0
B15: 2508 | C15: GUZMAN CHAPARRO PEDRO | D15: =+'GUZMAN CHAPARRO PEDRO'!Q37 -> 5842.532 | E15: =+'GUZMAN CHAPARRO PEDRO'!O40 -> 45902 | F15: =+'GUZMAN CHAPARRO PEDRO'!O41 -> 45927 | G15: =+'GUZMAN CHAPARRO PEDRO'!O42 -> 45971 | H15: =+'GUZMAN CHAPARRO PEDRO'!O43 -> 0 | I15: =+'GUZMAN CHAPARRO PEDRO'!O44 -> 0 | J15: =+'GUZMAN CHAPARRO PEDRO'!O45 -> 0
C16: HERNANDEZ LICANO JOSE LUIS | D16: =+'HERNANDEZ LICANO JOSE LUIS'!Q37 -> 6324.7247 | E16: =+'HERNANDEZ LICANO JOSE LUIS'!O40 -> 45907 | F16: =+'HERNANDEZ LICANO JOSE LUIS'!O41 -> 45926 | G16: =+'HERNANDEZ LICANO JOSE LUIS'!O42 -> 45951 | H16: =+'HERNANDEZ LICANO JOSE LUIS'!O43 -> 0 | I16: =+'HERNANDEZ LICANO JOSE LUIS'!O44 -> 0 | J16: =+'HERNANDEZ LICANO JOSE LUIS'!O45 -> 0 | K16: =+'HERNANDEZ LICANO JOSE LUIS'!O46 -> 0
B17: 2020 | C17: LIRA ARCEO JOEL EDUARDO | D17: =+'LIRA ARCEO JOEL EDUARDO'!Q37 -> 689.7019 | E17: =+'LIRA ARCEO JOEL EDUARDO'!O40 -> 46358 | F17: =+'LIRA ARCEO JOEL EDUARDO'!O41 -> 0 | G17: =+'LIRA ARCEO JOEL EDUARDO'!O42 -> 0 | H17: =+'LIRA ARCEO JOEL EDUARDO'!O43 -> 0 | I17: =+'LIRA ARCEO JOEL EDUARDO'!O44 -> 0 | J17: =+'LIRA ARCEO JOEL EDUARDO'!O45 -> 0 | K17: =+'LIRA ARCEO JOEL EDUARDO'!O46 -> 0
B18: 1133 | C18: MACHADO MAZUCA ADOLFO | D18: =+'MACHADO MAZUCA ADOLFO'!Q37 -> 4905.4381 | E18: =+'MACHADO MAZUCA ADOLFO'!O40 -> 45905 | F18: =+'MACHADO MAZUCA ADOLFO'!O41 -> 45924 | G18: =+'MACHADO MAZUCA ADOLFO'!O42 -> 45950 | H18: =+'MACHADO MAZUCA ADOLFO'!O43 -> 0 | I18: =+'MACHADO MAZUCA ADOLFO'!O44 -> 0 | J18: =+'MACHADO MAZUCA ADOLFO'!O45 -> 0 | K18: =+'MACHADO MAZUCA ADOLFO'!O46 -> 0
B19: 2319 | C19: MARTINEZ RAMIREZ ROSALIO | D19: =+'MARTINEZ RAMIREZ ROSALIO'!Q37 -> 4966.2125 | E19: =+'MARTINEZ RAMIREZ ROSALIO'!O40 -> 45908 | F19: =+'MARTINEZ RAMIREZ ROSALIO'!O41 -> 45948 | G19: =+'MARTINEZ RAMIREZ ROSALIO'!O42 -> 45960 | H19: =+'MARTINEZ RAMIREZ ROSALIO'!O43 -> 0 | I19: =+'MARTINEZ RAMIREZ ROSALIO'!O44 -> 0 | J19: =+'MARTINEZ RAMIREZ ROSALIO'!O45 -> 0 | K19: =+'MARTINEZ RAMIREZ ROSALIO'!O46 -> 0
B20: 2549 | C20: MELENDEZ SINALOA MANUEL ARAT | D20: =+'MELENDEZ SINALOA MANUEL ARAT'!Q37 -> 6162.6723 | E20: =+'MELENDEZ SINALOA MANUEL ARAT'!O40 -> 46384 | F20: =+'MELENDEZ SINALOA MANUEL ARAT'!O41 -> 45918 | G20: =+'MELENDEZ SINALOA MANUEL ARAT'!O42 -> 45930 | H20: =+'MELENDEZ SINALOA MANUEL ARAT'!O43 -> 45961 | I20: =+'MELENDEZ SINALOA MANUEL ARAT'!O44 -> 0 | J20: =+'MELENDEZ SINALOA MANUEL ARAT'!O45 -> 0 | K20: =+'MELENDEZ SINALOA MANUEL ARAT'!O46 -> 0
B21: 1089 | C21: MERCADO LOPEZ JESUS | D21: =+'MERCADO LOPEZ JESUS'!Q37 -> #N/A | E21: =+'MERCADO LOPEZ JESUS'!O40 -> 0 | F21: =+'MERCADO LOPEZ JESUS'!O41 -> 0 | G21: =+'MERCADO LOPEZ JESUS'!O42 -> 0 | H21: =+'MERCADO LOPEZ JESUS'!O43 -> 0 | I21: =+'MERCADO LOPEZ JESUS'!O44 -> 0 | J21: =+'MERCADO LOPEZ JESUS'!O45 -> 0
B22: 1047 | C22: MONTERO BURROLA LUIS LEOBARDO | D22: =+'MONTERO BURROLA LUIS'!Q35 -> 16970.18 | E22: =+'MONTERO BURROLA LUIS'!O38 -> 46393 | F22: =+'MONTERO BURROLA LUIS'!O39 -> 45911 | G22: =+'MONTERO BURROLA LUIS'!O40 -> 45945 | H22: =+'MONTERO BURROLA LUIS'!O41 -> 45953 | I22: =+'MONTERO BURROLA LUIS'!O42 -> 45982 | J22: =+'MONTERO BURROLA LUIS'!O43 -> 0 | K22: =+'MONTERO BURROLA LUIS'!O44 -> 0
B23: 0176 | C23: MORALES LOPEZ DE LARA MARIANO | D23: =+'MORALES LOPEZ DE LARA MARIANO'!Q37 -> #N/A | E23: =+'MORALES LOPEZ DE LARA MARIANO'!O40 -> 0 | F23: =+'MORALES LOPEZ DE LARA MARIANO'!O41 -> 0 | G23: =+'MORALES LOPEZ DE LARA MARIANO'!O42 -> 0 | H23: =+'MORALES LOPEZ DE LARA MARIANO'!O43 -> 0 | I23: =+'MORALES LOPEZ DE LARA MARIANO'!O44 -> 0 | J23: =+'MORALES LOPEZ DE LARA MARIANO'!O45 -> 0
B24: 0178 | C24: NUÑEZ RUIZ IRVING JAVIER | D24: =+'NUÑEZ RUIZ IRVING JAVIER.'!Q38 -> 6280.166 | E24: =+'NUÑEZ RUIZ IRVING JAVIER.'!O42 -> 46360 | F24: =+'NUÑEZ RUIZ IRVING JAVIER.'!O43 -> 45922 | G24: =+'NUÑEZ RUIZ IRVING JAVIER.'!O44 -> 45934 | H24: =+'NUÑEZ RUIZ IRVING JAVIER.'!O45 -> 45966 | I24: =+'NUÑEZ RUIZ IRVING JAVIER.'!O46 -> 0 | J24: =+'NUÑEZ RUIZ IRVING JAVIER.'!O47 -> 0 | K24: =+'NUÑEZ RUIZ IRVING JAVIER.'!O48 -> 0
B25: 2590 | C25: ONTIVEROS LIRA JUAN | D25: =+'ONTIVEROS LIRA JUAN'!Q37 -> 6540.2785 | E25: =+'ONTIVEROS LIRA JUAN'!O40 -> 45903 | F25: =+'ONTIVEROS LIRA JUAN'!O41 -> 45915 | G25: =+'ONTIVEROS LIRA JUAN'!O42 -> 0 | H25: =+'ONTIVEROS LIRA JUAN'!O43 -> 0 | I25: =+'ONTIVEROS LIRA JUAN'!O44 -> 0 | J25: =+'ONTIVEROS LIRA JUAN'!O45 -> 0
B26: 194 | C26: ORONA BECERRA MAURO JOSE | D26: =+'ORONA BECERRA MAURO JOSE'!Q37 -> 4160.5009 | E26: =+'ORONA BECERRA MAURO JOSE'!O40 -> 45936 | F26: =+'ORONA BECERRA MAURO JOSE'!O41 -> 45987 | G26: =+'ORONA BECERRA MAURO JOSE'!O42 -> 0 | H26: =+'ORONA BECERRA MAURO JOSE'!O43 -> 0 | I26: =+'ORONA BECERRA MAURO JOSE'!O44 -> 0 | J26: =+'ORONA BECERRA MAURO JOSE'!O45 -> 0 | K26: =+'ORONA BECERRA MAURO JOSE'!O46 -> 0
B27: 2616 | C27: ORTIZ RAMIREZ HECTOR MANUEL | D27: =+'ORTIZ RAMIREZ HECTOR MANUEL'!Q37 -> 4579.2184 | E27: =+'ORTIZ RAMIREZ HECTOR MANUEL'!O40 -> 46390 | F27: =+'ORTIZ RAMIREZ HECTOR MANUEL'!O41 -> 0 | G27: =+'ORTIZ RAMIREZ HECTOR MANUEL'!O42 -> 0 | H27: =+'ORTIZ RAMIREZ HECTOR MANUEL'!O43 -> 0 | I27: =+'ORTIZ RAMIREZ HECTOR MANUEL'!O44 -> 0 | J27: =+'ORTIZ RAMIREZ HECTOR MANUEL'!O45 -> 0 | K27: =+'ORTIZ RAMIREZ HECTOR MANUEL'!O46 -> 0
B28: 2018 | C28: RAMIREZ BAUTISTA ADRIAN | D28: =+'RAMIREZ BAUTISTA ADRIAN'!Q37 -> 7964.8636 | E28: =+'RAMIREZ BAUTISTA ADRIAN'!O40 -> 46387 | F28: =+'RAMIREZ BAUTISTA ADRIAN'!O41 -> 45921 | G28: =+'RAMIREZ BAUTISTA ADRIAN'!O42 -> 45933 | H28: =+'RAMIREZ BAUTISTA ADRIAN'!O43 -> 45965 | I28: =+'RAMIREZ BAUTISTA ADRIAN'!O44 -> 0 | J28: =+'RAMIREZ BAUTISTA ADRIAN'!O45 -> 0
B29: 2046 | C29: REYES LARA DANTE | D29: =+'REYES LARA DANTE'!Q37 -> 3529.4271 | E29: =+'REYES LARA DANTE'!O40 -> 46385 | F29: =+'REYES LARA DANTE'!O41 -> 45935 | G29: =+'REYES LARA DANTE'!O42 -> 0 | H29: =+'REYES LARA DANTE'!O43 -> 0 | I29: =+'REYES LARA DANTE'!O44 -> 0 | J29: =+'REYES LARA DANTE'!O45 -> 0 | K29: =+'REYES LARA DANTE'!O46 -> 0
C30: RODRIGUEZ FLORES BRYAN DARIO | D30: =+'RODRIGUEZ FLORES BRYAN DARIO'!Q37 -> 4239.3923 | E30: =+'RODRIGUEZ FLORES BRYAN DARIO'!O40 -> 45906 | F30: =+'RODRIGUEZ FLORES BRYAN DARIO'!O41 -> 45925 | G30: =+'RODRIGUEZ FLORES BRYAN DARIO'!O42 -> 45959 | H30: =+'RODRIGUEZ FLORES BRYAN DARIO'!O43 -> 0 | I30: =+'RODRIGUEZ FLORES BRYAN DARIO'!O44 -> 0 | J30: =+'RODRIGUEZ FLORES BRYAN DARIO'!O45 -> 0 | K30: =+'RODRIGUEZ FLORES BRYAN DARIO'!O46 -> 0
B31: 2546 | C31: RUIZ SAUCEDO DANIEL ALEJANDRO | D31: =+'RUIZ SAUCEDO DANIEL ALEJANDRO'!Q37 -> #N/A | E31: =+'RUIZ SAUCEDO DANIEL ALEJANDRO'!O40 -> 0 | F31: =+'RUIZ SAUCEDO DANIEL ALEJANDRO'!O41 -> 0 | G31: =+'RUIZ SAUCEDO DANIEL ALEJANDRO'!O42 -> 0 | H31: =+'RUIZ SAUCEDO DANIEL ALEJANDRO'!O43 -> 0 | I31: =+'RUIZ SAUCEDO DANIEL ALEJANDRO'!O44 -> 0 | J31: =+'RUIZ SAUCEDO DANIEL ALEJANDRO'!O45 -> 0
B32: 0273 | C32: VALLES HERNANDEZ MANUEL MARCELINO | D32: =+'VALLES HERNANDEZ MANUEL MARCELI'!Q36 -> 9784.7051 | E32: =+'VALLES HERNANDEZ MANUEL MARCELI'!O39 -> 45904 | F32: =+'VALLES HERNANDEZ MANUEL MARCELI'!O40 -> 45914 | G32: =+'VALLES HERNANDEZ MANUEL MARCELI'!O41 -> 45947 | H32: =+'VALLES HERNANDEZ MANUEL MARCELI'!O42 -> 45954 | I32: =+'VALLES HERNANDEZ MANUEL MARCELI'!O43 -> 0 | J32: =+'VALLES HERNANDEZ MANUEL MARCELI'!O44 -> 0
C33: TOTAL | D33: =SUM(D5:D32) -> #N/A
D34: =SUM(D16:D18,D20,D26:D29+D23+D24)+D14+D12+D11+D10+D9+D7+D6+D5 -> #VALUE!
D35: =+D32+D29+D28+D27+D26+D24+D23+D20+D18+D17+D16+D14+D12+D11+D10+D9+D7+D6+D5 -> #N/A
D37: =+D31+D30+D28+D24+D23+D20+D18+D16+D13+D11+D6 -> #N/A

Sheet AGUILAR ESQUIVEL CARLOS
Q2: SEMANA:
I3: FLETES SOTELO S.A DE C.V | Q3: 42
I4: RFC: FSO880915JP8
I5: CAMINO DE LOS ESTEROS 720 | Q5: FOLIO DE LIQUIDACION
I6: PARTIDO DOBALDO CD.JUAREZ CHIHU. | Q6: 25
I9: INFORMACION DEL OPERADOR
D11: OPERADOR: | E11: AGUILAR ESQUIVEL CARLOS | K11: FECHA DE PERIODO: | L11: =+NOMINA!B3 -> SEMANA #42 PERIODO DEL 06 AL 12 DE OCTUBRE DEL 2025
D12: UNIDAD: | E12: F-021
D14: ODOM.INIC: | F14: 157771 | I14: COMBUSTIBLE INICI: | O14: COMBUSTIBLE CARGADO:
D15: ODOM.FINAL: | F15: 158520 | I15: COMBUSTIBLE FIN: | O15: DIF. DE DIESEL:
D16: KM RECORRIDOS: | F16: =SUM(J19:J32) -> 3160 | I16: DIESEL CONSUMIDO: | J16: =SUM(K19:K32) -> 878.661 | O16: RENDIMIENTO: | P16: =+F16/J16 -> 3.5963813
C18: FOLIO LIQUIDACION | D18: CORDENADA | E18: FECHA SALIDA | F18: FECHA LLEGADA | G18: R: | H18: ORIGEN | I18: DESTINO | J18: KMS | K18: RECARGA | L18: RENDIMIENTO | M18: PESO DE CARGA (kg) | N18: C / V / PT | O18: REMOLQUE | P18: CLIENTE | Q18: PAGO POR KM | R18: RENDIMIENTO PAGO | S18: LITROS A PAGO | T18: DIESEL A FAVOR | U18: SALIDA | V18: REGRESO
C19: 45901 | D19: 2874140-4 | E19: 45937 | F19: 45938 | G19: 4 | H19: =IF(G19=1,KILOMETRAJE!C$4,IF(G19=2,KILOMETRAJE!C$5,IF(G19=3,KILOMETRAJE!C$6,IF(G19=4,KILOMETRAJE!C$7,IF(G19=5,KILOMETRAJE!C$8,IF(G19=6,KILOMETRAJE!C$9,IF(G19=7,KILOMETRAJE!C$10,IF(G19=8,KILOMETRAJE!C$11,IF(G19=9,KILOMETRAJE!C$12,IF(G19=10,KILOMETRAJE!C$13,IF(G19=11,KILOMETRAJE!C$14,IF(G19=12,KILOMETRAJE!C$15,IF(G19=13,KILOMETRAJE!C$16,IF(G19=14,KILOMETRAJE!C$17,IF(G19=15,KILOMETRAJE!C$18,IF(G19=16,KILOMETRAJE!C$19,IF(G19=17,KILOMETRAJE!C$20,IF(G19=18,KILOMETRAJE!C$21,IF(G19=19,KILOMETRAJE!C$22,IF(G19=20,KILOMETRAJE!C$23,IF(G19=21,KILOMETRAJE!C$24,IF(G19=22,KILOMETRAJE!C$25,IF(G19=23,KILOMETRAJE!C$26,IF(G19=24,KILOMETRAJE!C$27,IF(G19=25,KILOMETRAJE!C$28,IF(G19=26,KILOMETRAJE!C$29,IF(G19=27,KILOMETRAJE!C$30,IF(G19=28,KILOMETRAJE!C$31,IF(G19=29,KILOMETRAJE!C$32,IF(G19=30,KILOMETRAJE!C$33,IF(G19=31,KILOMETRAJE!C$34,IF(G19=32,KILOMETRAJE!C$35,IF(G19=33,KILOMETRAJE!C$36,IF(G19=34,KILOMETRAJE!C$37,IF(G19=35,KILOMETRAJE!C$38,IF(G19=36,KILOMETRAJE!C$39,IF(G19=37,KILOMETRAJE!C$40,IF(G19=38,KILOMETRAJE!C$41,IF(G19=39,KILOMETRAJE!C$42,IF(G19=40,KILOMETRAJE!C$43,IF(G19=41,KILOMETRAJE!C$44,IF(G19=42,KILOMETRAJE!C$45,IF(G19=43,KILOMETRAJE!C$46,IF(G19=44,KILOMETRAJE!C$47,IF(G19=45,KILOMETRAJE!C$48,IF(G19=46,KILOMETRAJE!C$49,IF(G19=47,KILOMETRAJE!C$50,IF(G19=48,KILOMETRAJE!C$51,IF(G19=49,KILOMETRAJE!C$52,IF(G19=50,KILOMETRAJE!C$53,IF(G19=51,KILOMETRAJE!C$54,IF(G19=52,KILOMETRAJE!C$55,IF(G19=53,KILOMETRAJE!C$56,IF(G19=54,KILOMETRAJE!C$57,IF(G19=55,KILOMETRAJE!C$58,IF(G19=56,KILOMETRAJE!C$59,IF(G19=57,KILOMETRAJE!C$60,IF(G19=58,KILOMETRAJE!C$61,IF(G19=59,KILOMETRAJE!C$62,IF(G19=60,KILOMETRAJE!C$63,IF(G19=61,KILOMETRAJE!C$64,IF(G19=62,KILOMETRAJE!C$65,IF(G19=63,KILOMETRAJE!C$66))))))))))))))))))))))))))))))))))))))))))))))))))))))))))))))) -> ELP. | I19: =IF(G19=1,KILOMETRAJE!E$4,IF(G19=2,KILOMETRAJE!E$5,IF(G19=3,KILOMETRAJE!E$6,IF(G19=4,KILOMETRAJE!E$7,IF(G19=5,KILOMETRAJE!E$8,IF(G19=6,KILOMETRAJE!E$9,IF(G19=7,KILOMETRAJE!E$10,IF(G19=8,KILOMETRAJE!E$11,IF(G19=9,KILOMETRAJE!E$12,IF(G19=10,KILOMETRAJE!E$13,IF(G19=11,KILOMETRAJE!E$14,IF(G19=12,KILOMETRAJE!E$15,IF(G19=13,KILOMETRAJE!E$16,IF(G19=14,KILOMETRAJE!E$17,IF(G19=15,KILOMETRAJE!E$18,IF(G19=16,KILOMETRAJE!E$19,IF(G19=17,KILOMETRAJE!E$20,IF(G19=18,KILOMETRAJE!E$21,IF(G19=19,KILOMETRAJE!E$22,IF(G19=20,KILOMETRAJE!E$23,IF(G19=21,KILOMETRAJE!E$24,IF(G19=22,KILOMETRAJE!E$25,IF(G19=23,KILOMETRAJE!E$26,IF(G19=24,KILOMETRAJE!E$27,IF(G19=25,KILOMETRAJE!E$28,IF(G19=26,KILOMETRAJE!E$29,IF(G19=27,KILOMETRAJE!E$30,IF(G19=28,KILOMETRAJE!E$31,IF(G19=29,KILOMETRAJE!E$32,IF(G19=30,KILOMETRAJE!E$33,IF(G19=31,KILOMETRAJE!E$34,IF(G19=32,KILOMETRAJE!E$35,IF(G19=33,KILOMETRAJE!E$36,IF(G19=34,KILOMETRAJE!E$37,IF(G19=35,KILOMETRAJE!E$38,IF(G19=36,KILOMETRAJE!E$39,IF(G19=37,KILOMETRAJE!E$40,IF(G19=38,KILOMETRAJE!E$41,IF(G19=39,KILOMETRAJE!E$42,IF(G19=40,KILOMETRAJE!E$43,IF(G19=41,KILOMETRAJE!E$44,IF(G19=42,KILOMETRAJE!E$45,IF(G19=43,KILOMETRAJE!E$46,IF(G19=44,KILOMETRAJE!E$47,IF(G19=45,KILOMETRAJE!E$48,IF(G19=46,KILOMETRAJE!E$49,IF(G19=47,KILOMETRAJE!E$50,IF(G19=48,KILOMETRAJE!E$51,IF(G19=49,KILOMETRAJE!E$52,IF(G19=50,KILOMETRAJE!E$53,IF(G19=51,KILOMETRAJE!E$54,IF(G19=52,KILOMETRAJE!E$55,IF(G19=53,KILOMETRAJE!E$56,IF(G19=54,KILOMETRAJE!E$57,IF(G19=55,KILOMETRAJE!E$58,IF(G19=56,KILOMETRAJE!E$59,IF(G19=57,KILOMETRAJE!E$60,IF(G19=58,KILOMETRAJE!E$61,IF(G19=59,KILOMETRAJE!E$62,IF(G19=60,KILOMETRAJE!E$63,IF(G19=61,KILOMETRAJE!E$64,IF(G19=62,KILOMETRAJE!E$65,IF(G19=63,KILOMETRAJE!E$66))))))))))))))))))))))))))))))))))))))))))))))))))))))))))))))) -> CHIH. | J19: =IF(G19=1,KILOMETRAJE!G$4,IF(G19=2,KILOMETRAJE!G$5,IF(G19=3,KILOMETRAJE!G$6,IF(G19=4,KILOMETRAJE!G$7,IF(G19=5,KILOMETRAJE!G$8,IF(G19=6,KILOMETRAJE!G$9,IF(G19=7,KILOMETRAJE!G$10,IF(G19=8,KILOMETRAJE!G$11,IF(G19=9,KILOMETRAJE!G$12,IF(G19=10,KILOMETRAJE!G$13,IF(G19=11,KILOMETRAJE!G$14,IF(G19=12,KILOMETRAJE!G$15,IF(G19=13,KILOMETRAJE!G$16,IF(G19=14,KILOMETRAJE!G$17,IF(G19=15,KILOMETRAJE!G$18,IF(G19=16,KILOMETRAJE!G$19,IF(G19=17,KILOMETRAJE!G$20,IF(G19=18,KILOMETRAJE!G$21,IF(G19=19,KILOMETRAJE!G$22,IF(G19=20,KILOMETRAJE!G$23,IF(G19=21,KILOMETRAJE!G$24,IF(G19=22,KILOMETRAJE!G$25,IF(G19=23,KILOMETRAJE!G$26,IF(G19=24,KILOMETRAJE!G$27,IF(G19=25,KILOMETRAJE!G$28,IF(G19=26,KILOMETRAJE!G$29,IF(G19=27,KILOMETRAJE!G$30,IF(G19=28,KILOMETRAJE!G$31,IF(G19=29,KILOMETRAJE!G$32,IF(G19=30,KILOMETRAJE!G$33,IF(G19=31,KILOMETRAJE!G$34,IF(G19=32,KILOMETRAJE!G$35,IF(G19=33,KILOMETRAJE!G$36,IF(G19=34,KILOMETRAJE!G$37,IF(G19=35,KILOMETRAJE!G$38,IF(G19=36,KILOMETRAJE!G$39,IF(G19=37,KILOMETRAJE!G$40,IF(G19=38,KILOMETRAJE!G$41,IF(G19=39,KILOMETRAJE!G$42,IF(G19=40,KILOMETRAJE!G$43,IF(G19=41,KILOMETRAJE!G$44,IF(G19=42,KILOMETRAJE!G$45,IF(G19=43,KILOMETRAJE!G$46,IF(G19=44,KILOMETRAJE!G$47,IF(G19=45,KILOMETRAJE!G$48,IF(G19=46,KILOMETRAJE!G$49,IF(G19=47,KILOMETRAJE!G$50,IF(G19=48,KILOMETRAJE!G$51,IF(G19=49,KILOMETRAJE!G$52,IF(G19=50,KILOMETRAJE!G$53,IF(G19=51,KILOMETRAJE!G$54,IF(G19=52,KILOMETRAJE!G$55,IF(G19=53,KILOMETRAJE!G$56,IF(G19=54,KILOMETRAJE!G$57,IF(G19=55,KILOMETRAJE!G$58,IF(G19=56,KILOMETRAJE!G$59,IF(G19=57,KILOMETRAJE!G$60,IF(G19=58,KILOMETRAJE!G$61,IF(G19=59,KILOMETRAJE!G$62,IF(G19=60,KILOMETRAJE!G$63,IF(G19=61,KILOMETRAJE!G$64,IF(G19=62,KILOMETRAJE!G$65,IF(G19=63,KILOMETRAJE!G$66))))))))))))))))))))))))))))))))))))))))))))))))))))))))))))))) -> 415 | M19: 255.05 | N19: 4 | O19: BS35030 | P19: G. AMERICAN | Q19: =((((IF(N19=1,((J19)*0.29333)))+(IF(N19=2,((J19)*0.146666)))+(IF(N19=3,((J19)*0.146666)))))+(IF(N19=4,((J19-40)*0.29333)))+(IF(N19=5,((J19-50)*0.29333)))+(IF(N19=6,((J19-90)*0.29333)))) -> 109.99875 | U19: NA | V19: NA
D20: 2874276-2 | E20: 45938 | F20: 45938 | G20: 3 | H20: =IF(G20=1,KILOMETRAJE!C$4,IF(G20=2,KILOMETRAJE!C$5,IF(G20=3,KILOMETRAJE!C$6,IF(G20=4,KILOMETRAJE!C$7,IF(G20=5,KILOMETRAJE!C$8,IF(G20=6,KILOMETRAJE!C$9,IF(G20=7,KILOMETRAJE!C$10,IF(G20=8,KILOMETRAJE!C$11,IF(G20=9,KILOMETRAJE!C$12,IF(G20=10,KILOMETRAJE!C$13,IF(G20=11,KILOMETRAJE!C$14,IF(G20=12,KILOMETRAJE!C$15,IF(G20=13,KILOMETRAJE!C$16,IF(G20=14,KILOMETRAJE!C$17,IF(G20=15,KILOMETRAJE!C$18,IF(G20=16,KILOMETRAJE!C$19,IF(G20=17,KILOMETRAJE!C$20,IF(G20=18,KILOMETRAJE!C$21,IF(G20=19,KILOMETRAJE!C$22,IF(G20=20,KILOMETRAJE!C$23,IF(G20=21,KILOMETRAJE!C$24,IF(G20=22,KILOMETRAJE!C$25,IF(G20=23,KILOMETRAJE!C$26,IF(G20=24,KILOMETRAJE!C$27,IF(G20=25,KILOMETRAJE!C$28,IF(G20=26,KILOMETRAJE!C$29,IF(G20=27,KILOMETRAJE!C$30,IF(G20=28,KILOMETRAJE!C$31,IF(G20=29,KILOMETRAJE!C$32,IF(G20=30,KILOMETRAJE!C$33,IF(G20=31,KILOMETRAJE!C$34,IF(G20=32,KILOMETRAJE!C$35,IF(G20=33,KILOMETRAJE!C$36,IF(G20=34,KILOMETRAJE!C$37,IF(G20=35,KILOMETRAJE!C$38,IF(G20=36,KILOMETRAJE!C$39,IF(G20=37,KILOMETRAJE!C$40,IF(G20=38,KILOMETRAJE!C$41,IF(G20=39,KILOMETRAJE!C$42,IF(G20=40,KILOMETRAJE!C$43,IF(G20=41,KILOMETRAJE!C$44,IF(G20=42,KILOMETRAJE!C$45,IF(G20=43,KILOMETRAJE!C$46,IF(G20=44,KILOMETRAJE!C$47,IF(G20=45,KILOMETRAJE!C$48,IF(G20=46,KILOMETRAJE!C$49,IF(G20=47,KILOMETRAJE!C$50,IF(G20=48,KILOMETRAJE!C$51,IF(G20=49,KILOMETRAJE!C$52,IF(G20=50,KILOMETRAJE!C$53,IF(G20=51,KILOMETRAJE!C$54,IF(G20=52,KILOMETRAJE!C$55,IF(G20=53,KILOMETRAJE!C$56,IF(G20=54,KILOMETRAJE!C$57,IF(G20=55,KILOMETRAJE!C$58,IF(G20=56,KILOMETRAJE!C$59,IF(G20=57,KILOMETRAJE!C$60,IF(G20=58,KILOMETRAJE!C$61,IF(G20=59,KILOMETRAJE!C$62,IF(G20=60,KILOMETRAJE!C$63,IF(G20=61,KILOMETRAJE!C$64,IF(G20=62,KILOMETRAJE!C$65,IF(G20=63,KILOMETRAJE!C$66))))))))))))))))))))))))))))))))))))))))))))))))))))))))))))))) -> CHIH. | I20: =IF(G20=1,KILOMETRAJE!E$4,IF(G20=2,KILOMETRAJE!E$5,IF(G20=3,KILOMETRAJE!E$6,IF(G20=4,KILOMETRAJE!E$7,IF(G20=5,KILOMETRAJE!E$8,IF(G20=6,KILOMETRAJE!E$9,IF(G20=7,KILOMETRAJE!E$10,IF(G20=8,KILOMETRAJE!E$11,IF(G20=9,KILOMETRAJE!E$12,IF(G20=10,KILOMETRAJE!E$13,IF(G20=11,KILOMETRAJE!E$14,IF(G20=12,KILOMETRAJE!E$15,IF(G20=13,KILOMETRAJE!E$16,IF(G20=14,KILOMETRAJE!E$17,IF(G20=15,KILOMETRAJE!E$18,IF(G20=16,KILOMETRAJE!E$19,IF(G20=17,KILOMETRAJE!E$20,IF(G20=18,KILOMETRAJE!E$21,IF(G20=19,KILOMETRAJE!E$22,IF(G20=20,KILOMETRAJE!E$23,IF(G20=21,KILOMETRAJE!E$24,IF(G20=22,KILOMETRAJE!E$25,IF(G20=23,KILOMETRAJE!E$26,IF(G20=24,KILOMETRAJE!E$27,IF(G20=25,KILOMETRAJE!E$28,IF(G20=26,KILOMETRAJE!E$29,IF(G20=27,KILOMETRAJE!E$30,IF(G20=28,KILOMETRAJE!E$31,IF(G20=29,KILOMETRAJE!E$32,IF(G20=30,KILOMETRAJE!E$33,IF(G20=31,KILOMETRAJE!E$34,IF(G20=32,KILOMETRAJE!E$35,IF(G20=33,KILOMETRAJE!E$36,IF(G20=34,KILOMETRAJE!E$37,IF(G20=35,KILOMETRAJE!E$38,IF(G20=36,KILOMETRAJE!E$39,IF(G20=37,KILOMETRAJE!E$40,IF(G20=38,KILOMETRAJE!E$41,IF(G20=39,KILOMETRAJE!E$42,IF(G20=40,KILOMETRAJE!E$43,IF(G20=41,KILOMETRAJE!E$44,IF(G20=42,KILOMETRAJE!E$45,IF(G20=43,KILOMETRAJE!E$46,IF(G20=44,KILOMETRAJE!E$47,IF(G20=45,KILOMETRAJE!E$48,IF(G20=46,KILOMETRAJE!E$49,IF(G20=47,KILOMETRAJE!E$50,IF(G20=48,KILOMETRAJE!E$51,IF(G20=49,KILOMETRAJE!E$52,IF(G20=50,KILOMETRAJE!E$53,IF(G20=51,KILOMETRAJE!E$54,IF(G20=52,KILOMETRAJE!E$55,IF(G20=53,KILOMETRAJE!E$56,IF(G20=54,KILOMETRAJE!E$57,IF(G20=55,KILOMETRAJE!E$58,IF(G20=56,KILOMETRAJE!E$59,IF(G20=57,KILOMETRAJE!E$60,IF(G20=58,KILOMETRAJE!E$61,IF(G20=59,KILOMETRAJE!E$62,IF(G20=60,KILOMETRAJE!E$63,IF(G20=61,KILOMETRAJE!E$64,IF(G20=62,KILOMETRAJE!E$65,IF(G20=63,KILOMETRAJE!E$66))))))))))))))))))))))))))))))))))))))))))))))))))))))))))))))) -> JRZ | J20: =IF(G20=1,KILOMETRAJE!G$4,IF(G20=2,KILOMETRAJE!G$5,IF(G20=3,KILOMETRAJE!G$6,IF(G20=4,KILOMETRAJE!G$7,IF(G20=5,KILOMETRAJE!G$8,IF(G20=6,KILOMETRAJE!G$9,IF(G20=7,KILOMETRAJE!G$10,IF(G20=8,KILOMETRAJE!G$11,IF(G20=9,KILOMETRAJE!G$12,IF(G20=10,KILOMETRAJE!G$13,IF(G20=11,KILOMETRAJE!G$14,IF(G20=12,KILOMETRAJE!G$15,IF(G20=13,KILOMETRAJE!G$16,IF(G20=14,KILOMETRAJE!G$17,IF(G20=15,KILOMETRAJE!G$18,IF(G20=16,KILOMETRAJE!G$19,IF(G20=17,KILOMETRAJE!G$20,IF(G20=18,KILOMETRAJE!G$21,IF(G20=19,KILOMETRAJE!G$22,IF(G20=20,KILOMETRAJE!G$23,IF(G20=21,KILOMETRAJE!G$24,IF(G20=22,KILOMETRAJE!G$25,IF(G20=23,KILOMETRAJE!G$26,IF(G20=24,KILOMETRAJE!G$27,IF(G20=25,KILOMETRAJE!G$28,IF(G20=26,KILOMETRAJE!G$29,IF(G20=27,KILOMETRAJE!G$30,IF(G20=28,KILOMETRAJE!G$31,IF(G20=29,KILOMETRAJE!G$32,IF(G20=30,KILOMETRAJE!G$33,IF(G20=31,KILOMETRAJE!G$34,IF(G20=32,KILOMETRAJE!G$35,IF(G20=33,KILOMETRAJE!G$36,IF(G20=34,KILOMETRAJE!G$37,IF(G20=35,KILOMETRAJE!G$38,IF(G20=36,KILOMETRAJE!G$39,IF(G20=37,KILOMETRAJE!G$40,IF(G20=38,KILOMETRAJE!G$41,IF(G20=39,KILOMETRAJE!G$42,IF(G20=40,KILOMETRAJE!G$43,IF(G20=41,KILOMETRAJE!G$44,IF(G20=42,KILOMETRAJE!G$45,IF(G20=43,KILOMETRAJE!G$46,IF(G20=44,KILOMETRAJE!G$47,IF(G20=45,KILOMETRAJE!G$48,IF(G20=46,KILOMETRAJE!G$49,IF(G20=47,KILOMETRAJE!G$50,IF(G20=48,KILOMETRAJE!G$51,IF(G20=49,KILOMETRAJE!G$52,IF(G20=50,KILOMETRAJE!G$53,IF(G20=51,KILOMETRAJE!G$54,IF(G20=52,KILOMETRAJE!G$55,IF(G20=53,KILOMETRAJE!G$56,IF(G20=54,KILOMETRAJE!G$57,IF(G20=55,KILOMETRAJE!G$58,IF(G20=56,KILOMETRAJE!G$59,IF(G20=57,KILOMETRAJE!G$60,IF(G20=58,KILOMETRAJE!G$61,IF(G20=59,KILOMETRAJE!G$62,IF(G20=60,KILOMETRAJE!G$63,IF(G20=61,KILOMETRAJE!G$64,IF(G20=62,KILOMETRAJE!G$65,IF(G20=63,KILOMETRAJE!G$66))))))))))))))))))))))))))))))))))))))))))))))))))))))))))))))) -> 375 | K20: 222.026 | L20: =SUM(J19:J20)/K20 -> 3.5581418 | M20: 4177.73 | N20: 1 | O20: BS35096 | P20: XYLEM | Q20: =((((IF(N20=1,((J20)*0.29333)))+(IF(N20=2,((J20)*0.146666)))+(IF(N20=3,((J20)*0.146666)))))+(IF(N20=4,((J20-40)*0.29333)))+(IF(N20=5,((J20-50)*0.29333)))+(IF(N20=6,((J20-90)*0.29333)))) -> 109.99875 | R20: =+LOOKUP(P40,UNIDADES!B$3:B$59,UNIDADES!C$3:C$59) -> 2.45098 | S20: =+((SUM(J19:J20)-40)/R20)-K20 -> 83.974049 | T20: =+S20*14.85 -> 1247.0146 | U20: 57 | V20: 60
C21: 45913 | D21: 2874315-2 | E21: 45938 | F21: 45939 | G21: 4 | H21: =IF(G21=1,KILOMETRAJE!C$4,IF(G21=2,KILOMETRAJE!C$5,IF(G21=3,KILOMETRAJE!C$6,IF(G21=4,KILOMETRAJE!C$7,IF(G21=5,KILOMETRAJE!C$8,IF(G21=6,KILOMETRAJE!C$9,IF(G21=7,KILOMETRAJE!C$10,IF(G21=8,KILOMETRAJE!C$11,IF(G21=9,KILOMETRAJE!C$12,IF(G21=10,KILOMETRAJE!C$13,IF(G21=11,KILOMETRAJE!C$14,IF(G21=12,KILOMETRAJE!C$15,IF(G21=13,KILOMETRAJE!C$16,IF(G21=14,KILOMETRAJE!C$17,IF(G21=15,KILOMETRAJE!C$18,IF(G21=16,KILOMETRAJE!C$19,IF(G21=17,KILOMETRAJE!C$20,IF(G21=18,KILOMETRAJE!C$21,IF(G21=19,KILOMETRAJE!C$22,IF(G21=20,KILOMETRAJE!C$23,IF(G21=21,KILOMETRAJE!C$24,IF(G21=22,KILOMETRAJE!C$25,IF(G21=23,KILOMETRAJE!C$26,IF(G21=24,KILOMETRAJE!C$27,IF(G21=25,KILOMETRAJE!C$28,IF(G21=26,KILOMETRAJE!C$29,IF(G21=27,KILOMETRAJE!C$30,IF(G21=28,KILOMETRAJE!C$31,IF(G21=29,KILOMETRAJE!C$32,IF(G21=30,KILOMETRAJE!C$33,IF(G21=31,KILOMETRAJE!C$34,IF(G21=32,KILOMETRAJE!C$35,IF(G21=33,KILOMETRAJE!C$36,IF(G21=34,KILOMETRAJE!C$37,IF(G21=35,KILOMETRAJE!C$38,IF(G21=36,KILOMETRAJE!C$39,IF(G21=37,KILOMETRAJE!C$40,IF(G21=38,KILOMETRAJE!C$41,IF(G21=39,KILOMETRAJE!C$42,IF(G21=40,KILOMETRAJE!C$43,IF(G21=41,KILOMETRAJE!C$44,IF(G21=42,KILOMETRAJE!C$45,IF(G21=43,KILOMETRAJE!C$46,IF(G21=44,KILOMETRAJE!C$47,IF(G21=45,KILOMETRAJE!C$48,IF(G21=46,KILOMETRAJE!C$49,IF(G21=47,KILOMETRAJE!C$50,IF(G21=48,KILOMETRAJE!C$51,IF(G21=49,KILOMETRAJE!C$52,IF(G21=50,KILOMETRAJE!C$53,IF(G21=51,KILOMETRAJE!C$54,IF(G21=52,KILOMETRAJE!C$55,IF(G21=53,KILOMETRAJE!C$56,IF(G21=54,KILOMETRAJE!C$57,IF(G21=55,KILOMETRAJE!C$58,IF(G21=56,KILOMETRAJE!C$59,IF(G21=57,KILOMETRAJE!C$60,IF(G21=58,KILOMETRAJE!C$61,IF(G21=59,KILOMETRAJE!C$62,IF(G21=60,KILOMETRAJE!C$63,IF(G21=61,KILOMETRAJE!C$64,IF(G21=62,KILOMETRAJE!C$65,IF(G21=63,KILOMETRAJE!C$66))))))))))))))))))))))))))))))))))))))))))))))))))))))))))))))) -> ELP. | I21: =IF(G21=1,KILOMETRAJE!E$4,IF(G21=2,KILOMETRAJE!E$5,IF(G21=3,KILOMETRAJE!E$6,IF(G21=4,KILOMETRAJE!E$7,IF(G21=5,KILOMETRAJE!E$8,IF(G21=6,KILOMETRAJE!E$9,IF(G21=7,KILOMETRAJE!E$10,IF(G21=8,KILOMETRAJE!E$11,IF(G21=9,KILOMETRAJE!E$12,IF(G21=10,KILOMETRAJE!E$13,IF(G21=11,KILOMETRAJE!E$14,IF(G21=12,KILOMETRAJE!E$15,IF(G21=13,KILOMETRAJE!E$16,IF(G21=14,KILOMETRAJE!E$17,IF(G21=15,KILOMETRAJE!E$18,IF(G21=16,KILOMETRAJE!E$19,IF(G21=17,KILOMETRAJE!E$20,IF(G21=18,KILOMETRAJE!E$21,IF(G21=19,KILOMETRAJE!E$22,IF(G21=20,KILOMETRAJE!E$23,IF(G21=21,KILOMETRAJE!E$24,IF(G21=22,KILOMETRAJE!E$25,IF(G21=23,KILOMETRAJE!E$26,IF(G21=24,KILOMETRAJE!E$27,IF(G21=25,KILOMETRAJE!E$28,IF(G21=26,KILOMETRAJE!E$29,IF(G21=27,KILOMETRAJE!E$30,IF(G21=28,KILOMETRAJE!E$31,IF(G21=29,KILOMETRAJE!E$32,IF(G21=30,KILOMETRAJE!E$33,IF(G21=31,KILOMETRAJE!E$34,IF(G21=32,KILOMETRAJE!E$35,IF(G21=33,KILOMETRAJE!E$36,IF(G21=34,KILOMETRAJE!E$37,IF(G21=35,KILOMETRAJE!E$38,IF(G21=36,KILOMETRAJE!E$39,IF(G21=37,KILOMETRAJE!E$40,IF(G21=38,KILOMETRAJE!E$41,IF(G21=39,KILOMETRAJE!E$42,IF(G21=40,KILOMETRAJE!E$43,IF(G21=41,KILOMETRAJE!E$44,IF(G21=42,KILOMETRAJE!E$45,IF(G21=43,KILOMETRAJE!E$46,IF(G21=44,KILOMETRAJE!E$47,IF(G21=45,KILOMETRAJE!E$48,IF(G21=46,KILOMETRAJE!E$49,IF(G21=47,KILOMETRAJE!E$50,IF(G21=48,KILOMETRAJE!E$51,IF(G21=49,KILOMETRAJE!E$52,IF(G21=50,KILOMETRAJE!E$53,IF(G21=51,KILOMETRAJE!E$54,IF(G21=52,KILOMETRAJE!E$55,IF(G21=53,KILOMETRAJE!E$56,IF(G21=54,KILOMETRAJE!E$57,IF(G21=55,KILOMETRAJE!E$58,IF(G21=56,KILOMETRAJE!E$59,IF(G21=57,KILOMETRAJE!E$60,IF(G21=58,KILOMETRAJE!E$61,IF(G21=59,KILOMETRAJE!E$62,IF(G21=60,KILOMETRAJE!E$63,IF(G21=61,KILOMETRAJE!E$64,IF(G21=62,KILOMETRAJE!E$65,IF(G21=63,KILOMETRAJE!E$66))))))))))))))))))))))))))))))))))))))))))))))))))))))))))))))) -> CHIH. | J21: =IF(G21=1,KILOMETRAJE!G$4,IF(G21=2,KILOMETRAJE!G$5,IF(G21=3,KILOMETRAJE!G$6,IF(G21=4,KILOMETRAJE!G$7,IF(G21=5,KILOMETRAJE!G$8,IF(G21=6,KILOMETRAJE!G$9,IF(G21=7,KILOMETRAJE!G$10,IF(G21=8,KILOMETRAJE!G$11,IF(G21=9,KILOMETRAJE!G$12,IF(G21=10,KILOMETRAJE!G$13,IF(G21=11,KILOMETRAJE!G$14,IF(G21=12,KILOMETRAJE!G$15,IF(G21=13,KILOMETRAJE!G$16,IF(G21=14,KILOMETRAJE!G$17,IF(G21=15,KILOMETRAJE!G$18,IF(G21=16,KILOMETRAJE!G$19,IF(G21=17,KILOMETRAJE!G$20,IF(G21=18,KILOMETRAJE!G$21,IF(G21=19,KILOMETRAJE!G$22,IF(G21=20,KILOMETRAJE!G$23,IF(G21=21,KILOMETRAJE!G$24,IF(G21=22,KILOMETRAJE!G$25,IF(G21=23,KILOMETRAJE!G$26,IF(G21=24,KILOMETRAJE!G$27,IF(G21=25,KILOMETRAJE!G$28,IF(G21=26,KILOMETRAJE!G$29,IF(G21=27,KILOMETRAJE!G$30,IF(G21=28,KILOMETRAJE!G$31,IF(G21=29,KILOMETRAJE!G$32,IF(G21=30,KILOMETRAJE!G$33,IF(G21=31,KILOMETRAJE!G$34,IF(G21=32,KILOMETRAJE!G$35,IF(G21=33,KILOMETRAJE!G$36,IF(G21=34,KILOMETRAJE!G$37,IF(G21=35,KILOMETRAJE!G$38,IF(G21=36,KILOMETRAJE!G$39,IF(G21=37,KILOMETRAJE!G$40,IF(G21=38,KILOMETRAJE!G$41,IF(G21=39,KILOMETRAJE!G$42,IF(G21=40,KILOMETRAJE!G$43,IF(G21=41,KILOMETRAJE!G$44,IF(G21=42,KILOMETRAJE!G$45,IF(G21=43,KILOMETRAJE!G$46,IF(G21=44,KILOMETRAJE!G$47,IF(G21=45,KILOMETRAJE!G$48,IF(G21=46,KILOMETRAJE!G$49,IF(G21=47,KILOMETRAJE!G$50,IF(G21=48,KILOMETRAJE!G$51,IF(G21=49,KILOMETRAJE!G$52,IF(G21=50,KILOMETRAJE!G$53,IF(G21=51,KILOMETRAJE!G$54,IF(G21=52,KILOMETRAJE!G$55,IF(G21=53,KILOMETRAJE!G$56,IF(G21=54,KILOMETRAJE!G$57,IF(G21=55,KILOMETRAJE!G$58,IF(G21=56,KILOMETRAJE!G$59,IF(G21=57,KILOMETRAJE!G$60,IF(G21=58,KILOMETRAJE!G$61,IF(G21=59,KILOMETRAJE!G$62,IF(G21=60,KILOMETRAJE!G$63,IF(G21=61,KILOMETRAJE!G$64,IF(G21=62,KILOMETRAJE!G$65,IF(G21=63,KILOMETRAJE!G$66))))))))))))))))))))))))))))))))))))))))))))))))))))))))))))))) -> 415 | M21: 1219 | N21: 4 | O21: 53507 | P21: SAFRAN | Q21: =((((IF(N21=1,((J21)*0.29333)))+(IF(N21=2,((J21)*0.146666)))+(IF(N21=3,((J21)*0.146666)))))+(IF(N21=4,((J21-40)*0.29333)))+(IF(N21=5,((J21-50)*0.29333)))+(IF(N21=6,((J21-90)*0.29333)))) -> 109.99875 | U21: NA | V21: NA
D22: 2874560-1 | E22: 45939 | F22: 45939 | G22: 3 | H22: =IF(G22=1,KILOMETRAJE!C$4,IF(G22=2,KILOMETRAJE!C$5,IF(G22=3,KILOMETRAJE!C$6,IF(G22=4,KILOMETRAJE!C$7,IF(G22=5,KILOMETRAJE!C$8,IF(G22=6,KILOMETRAJE!C$9,IF(G22=7,KILOMETRAJE!C$10,IF(G22=8,KILOMETRAJE!C$11,IF(G22=9,KILOMETRAJE!C$12,IF(G22=10,KILOMETRAJE!C$13,IF(G22=11,KILOMETRAJE!C$14,IF(G22=12,KILOMETRAJE!C$15,IF(G22=13,KILOMETRAJE!C$16,IF(G22=14,KILOMETRAJE!C$17,IF(G22=15,KILOMETRAJE!C$18,IF(G22=16,KILOMETRAJE!C$19,IF(G22=17,KILOMETRAJE!C$20,IF(G22=18,KILOMETRAJE!C$21,IF(G22=19,KILOMETRAJE!C$22,IF(G22=20,KILOMETRAJE!C$23,IF(G22=21,KILOMETRAJE!C$24,IF(G22=22,KILOMETRAJE!C$25,IF(G22=23,KILOMETRAJE!C$26,IF(G22=24,KILOMETRAJE!C$27,IF(G22=25,KILOMETRAJE!C$28,IF(G22=26,KILOMETRAJE!C$29,IF(G22=27,KILOMETRAJE!C$30,IF(G22=28,KILOMETRAJE!C$31,IF(G22=29,KILOMETRAJE!C$32,IF(G22=30,KILOMETRAJE!C$33,IF(G22=31,KILOMETRAJE!C$34,IF(G22=32,KILOMETRAJE!C$35,IF(G22=33,KILOMETRAJE!C$36,IF(G22=34,KILOMETRAJE!C$37,IF(G22=35,KILOMETRAJE!C$38,IF(G22=36,KILOMETRAJE!C$39,IF(G22=37,KILOMETRAJE!C$40,IF(G22=38,KILOMETRAJE!C$41,IF(G22=39,KILOMETRAJE!C$42,IF(G22=40,KILOMETRAJE!C$43,IF(G22=41,KILOMETRAJE!C$44,IF(G22=42,KILOMETRAJE!C$45,IF(G22=43,KILOMETRAJE!C$46,IF(G22=44,KILOMETRAJE!C$47,IF(G22=45,KILOMETRAJE!C$48,IF(G22=46,KILOMETRAJE!C$49,IF(G22=47,KILOMETRAJE!C$50,IF(G22=48,KILOMETRAJE!C$51,IF(G22=49,KILOMETRAJE!C$52,IF(G22=50,KILOMETRAJE!C$53,IF(G22=51,KILOMETRAJE!C$54,IF(G22=52,KILOMETRAJE!C$55,IF(G22=53,KILOMETRAJE!C$56,IF(G22=54,KILOMETRAJE!C$57,IF(G22=55,KILOMETRAJE!C$58,IF(G22=56,KILOMETRAJE!C$59,IF(G22=57,KILOMETRAJE!C$60,IF(G22=58,KILOMETRAJE!C$61,IF(G22=59,KILOMETRAJE!C$62,IF(G22=60,KILOMETRAJE!C$63,IF(G22=61,KILOMETRAJE!C$64,IF(G22=62,KILOMETRAJE!C$65,IF(G22=63,KILOMETRAJE!C$66))))))))))))))))))))))))))))))))))))))))))))))))))))))))))))))) -> CHIH. | I22: =IF(G22=1,KILOMETRAJE!E$4,IF(G22=2,KILOMETRAJE!E$5,IF(G22=3,KILOMETRAJE!E$6,IF(G22=4,KILOMETRAJE!E$7,IF(G22=5,KILOMETRAJE!E$8,IF(G22=6,KILOMETRAJE!E$9,IF(G22=7,KILOMETRAJE!E$10,IF(G22=8,KILOMETRAJE!E$11,IF(G22=9,KILOMETRAJE!E$12,IF(G22=10,KILOMETRAJE!E$13,IF(G22=11,KILOMETRAJE!E$14,IF(G22=12,KILOMETRAJE!E$15,IF(G22=13,KILOMETRAJE!E$16,IF(G22=14,KILOMETRAJE!E$17,IF(G22=15,KILOMETRAJE!E$18,IF(G22=16,KILOMETRAJE!E$19,IF(G22=17,KILOMETRAJE!E$20,IF(G22=18,KILOMETRAJE!E$21,IF(G22=19,KILOMETRAJE!E$22,IF(G22=20,KILOMETRAJE!E$23,IF(G22=21,KILOMETRAJE!E$24,IF(G22=22,KILOMETRAJE!E$25,IF(G22=23,KILOMETRAJE!E$26,IF(G22=24,KILOMETRAJE!E$27,IF(G22=25,KILOMETRAJE!E$28,IF(G22=26,KILOMETRAJE!E$29,IF(G22=27,KILOMETRAJE!E$30,IF(G22=28,KILOMETRAJE!E$31,IF(G22=29,KILOMETRAJE!E$32,IF(G22=30,KILOMETRAJE!E$33,IF(G22=31,KILOMETRAJE!E$34,IF(G22=32,KILOMETRAJE!E$35,IF(G22=33,KILOMETRAJE!E$36,IF(G22=34,KILOMETRAJE!E$37,IF(G22=35,KILOMETRAJE!E$38,IF(G22=36,KILOMETRAJE!E$39,IF(G22=37,KILOMETRAJE!E$40,IF(G22=38,KILOMETRAJE!E$41,IF(G22=39,KILOMETRAJE!E$42,IF(G22=40,KILOMETRAJE!E$43,IF(G22=41,KILOMETRAJE!E$44,IF(G22=42,KILOMETRAJE!E$45,IF(G22=43,KILOMETRAJE!E$46,IF(G22=44,KILOMETRAJE!E$47,IF(G22=45,KILOMETRAJE!E$48,IF(G22=46,KILOMETRAJE!E$49,IF(G22=47,KILOMETRAJE!E$50,IF(G22=48,KILOMETRAJE!E$51,IF(G22=49,KILOMETRAJE!E$52,IF(G22=50,KILOMETRAJE!E$53,IF(G22=51,KILOMETRAJE!E$54,IF(G22=52,KILOMETRAJE!E$55,IF(G22=53,KILOMETRAJE!E$56,IF(G22=54,KILOMETRAJE!E$57,IF(G22=55,KILOMETRAJE!E$58,IF(G22=56,KILOMETRAJE!E$59,IF(G22=57,KILOMETRAJE!E$60,IF(G22=58,KILOMETRAJE!E$61,IF(G22=59,KILOMETRAJE!E$62,IF(G22=60,KILOMETRAJE!E$63,IF(G22=61,KILOMETRAJE!E$64,IF(G22=62,KILOMETRAJE!E$65,IF(G22=63,KILOMETRAJE!E$66))))))))))))))))))))))))))))))))))))))))))))))))))))))))))))))) -> JRZ | J22: =IF(G22=1,KILOMETRAJE!G$4,IF(G22=2,KILOMETRAJE!G$5,IF(G22=3,KILOMETRAJE!G$6,IF(G22=4,KILOMETRAJE!G$7,IF(G22=5,KILOMETRAJE!G$8,IF(G22=6,KILOMETRAJE!G$9,IF(G22=7,KILOMETRAJE!G$10,IF(G22=8,KILOMETRAJE!G$11,IF(G22=9,KILOMETRAJE!G$12,IF(G22=10,KILOMETRAJE!G$13,IF(G22=11,KILOMETRAJE!G$14,IF(G22=12,KILOMETRAJE!G$15,IF(G22=13,KILOMETRAJE!G$16,IF(G22=14,KILOMETRAJE!G$17,IF(G22=15,KILOMETRAJE!G$18,IF(G22=16,KILOMETRAJE!G$19,IF(G22=17,KILOMETRAJE!G$20,IF(G22=18,KILOMETRAJE!G$21,IF(G22=19,KILOMETRAJE!G$22,IF(G22=20,KILOMETRAJE!G$23,IF(G22=21,KILOMETRAJE!G$24,IF(G22=22,KILOMETRAJE!G$25,IF(G22=23,KILOMETRAJE!G$26,IF(G22=24,KILOMETRAJE!G$27,IF(G22=25,KILOMETRAJE!G$28,IF(G22=26,KILOMETRAJE!G$29,IF(G22=27,KILOMETRAJE!G$30,IF(G22=28,KILOMETRAJE!G$31,IF(G22=29,KILOMETRAJE!G$32,IF(G22=30,KILOMETRAJE!G$33,IF(G22=31,KILOMETRAJE!G$34,IF(G22=32,KILOMETRAJE!G$35,IF(G22=33,KILOMETRAJE!G$36,IF(G22=34,KILOMETRAJE!G$37,IF(G22=35,KILOMETRAJE!G$38,IF(G22=36,KILOMETRAJE!G$39,IF(G22=37,KILOMETRAJE!G$40,IF(G22=38,KILOMETRAJE!G$41,IF(G22=39,KILOMETRAJE!G$42,IF(G22=40,KILOMETRAJE!G$43,IF(G22=41,KILOMETRAJE!G$44,IF(G22=42,KILOMETRAJE!G$45,IF(G22=43,KILOMETRAJE!G$46,IF(G22=44,KILOMETRAJE!G$47,IF(G22=45,KILOMETRAJE!G$48,IF(G22=46,KILOMETRAJE!G$49,IF(G22=47,KILOMETRAJE!G$50,IF(G22=48,KILOMETRAJE!G$51,IF(G22=49,KILOMETRAJE!G$52,IF(G22=50,KILOMETRAJE!G$53,IF(G22=51,KILOMETRAJE!G$54,IF(G22=52,KILOMETRAJE!G$55,IF(G22=53,KILOMETRAJE!G$56,IF(G22=54,KILOMETRAJE!G$57,IF(G22=55,KILOMETRAJE!G$58,IF(G22=56,KILOMETRAJE!G$59,IF(G22=57,KILOMETRAJE!G$60,IF(G22=58,KILOMETRAJE!G$61,IF(G22=59,KILOMETRAJE!G$62,IF(G22=60,KILOMETRAJE!G$63,IF(G22=61,KILOMETRAJE!G$64,IF(G22=62,KILOMETRAJE!G$65,IF(G22=63,KILOMETRAJE!G$66))))))))))))))))))))))))))))))))))))))))))))))))))))))))))))))) -> 375 | K22: 210.02 | L22: =SUM(J21:J22)/K22 -> 3.7615465 | M22: 0 | N22: 3 | P22: SOTELO | Q22: =((((IF(N22=1,((J22)*0.29333)))+(IF(N22=2,((J22)*0.146666)))+(IF(N22=3,((J22)*0.146666)))))+(IF(N22=4,((J22-40)*0.29333)))+(IF(N22=5,((J22-50)*0.29333)))+(IF(N22=6,((J22-90)*0.29333)))) -> 54.99975 | R22: =+LOOKUP(P41,UNIDADES!B$3:B$59,UNIDADES!C$3:C$59) -> 2.45098 | S22: =+((SUM(J21:J22)-40)/R22)-K22 -> 95.980049 | T22: =+S22*14.85 -> 1425.3037 | U22: 57 | V22: 57
C23: 45944 | D23: 2874731-3 | E23: 45939 | F23: 45940 | G23: 2 | H23: =IF(G23=1,KILOMETRAJE!C$4,IF(G23=2,KILOMETRAJE!C$5,IF(G23=3,KILOMETRAJE!C$6,IF(G23=4,KILOMETRAJE!C$7,IF(G23=5,KILOMETRAJE!C$8,IF(G23=6,KILOMETRAJE!C$9,IF(G23=7,KILOMETRAJE!C$10,IF(G23=8,KILOMETRAJE!C$11,IF(G23=9,KILOMETRAJE!C$12,IF(G23=10,KILOMETRAJE!C$13,IF(G23=11,KILOMETRAJE!C$14,IF(G23=12,KILOMETRAJE!C$15,IF(G23=13,KILOMETRAJE!C$16,IF(G23=14,KILOMETRAJE!C$17,IF(G23=15,KILOMETRAJE!C$18,IF(G23=16,KILOMETRAJE!C$19,IF(G23=17,KILOMETRAJE!C$20,IF(G23=18,KILOMETRAJE!C$21,IF(G23=19,KILOMETRAJE!C$22,IF(G23=20,KILOMETRAJE!C$23,IF(G23=21,KILOMETRAJE!C$24,IF(G23=22,KILOMETRAJE!C$25,IF(G23=23,KILOMETRAJE!C$26,IF(G23=24,KILOMETRAJE!C$27,IF(G23=25,KILOMETRAJE!C$28,IF(G23=26,KILOMETRAJE!C$29,IF(G23=27,KILOMETRAJE!C$30,IF(G23=28,KILOMETRAJE!C$31,IF(G23=29,KILOMETRAJE!C$32,IF(G23=30,KILOMETRAJE!C$33,IF(G23=31,KILOMETRAJE!C$34,IF(G23=32,KILOMETRAJE!C$35,IF(G23=33,KILOMETRAJE!C$36,IF(G23=34,KILOMETRAJE!C$37,IF(G23=35,KILOMETRAJE!C$38,IF(G23=36,KILOMETRAJE!C$39,IF(G23=37,KILOMETRAJE!C$40,IF(G23=38,KILOMETRAJE!C$41,IF(G23=39,KILOMETRAJE!C$42,IF(G23=40,KILOMETRAJE!C$43,IF(G23=41,KILOMETRAJE!C$44,IF(G23=42,KILOMETRAJE!C$45,IF(G23=43,KILOMETRAJE!C$46,IF(G23=44,KILOMETRAJE!C$47,IF(G23=45,KILOMETRAJE!C$48,IF(G23=46,KILOMETRAJE!C$49,IF(G23=47,KILOMETRAJE!C$50,IF(G23=48,KILOMETRAJE!C$51,IF(G23=49,KILOMETRAJE!C$52,IF(G23=50,KILOMETRAJE!C$53,IF(G23=51,KILOMETRAJE!C$54,IF(G23=52,KILOMETRAJE!C$55,IF(G23=53,KILOMETRAJE!C$56,IF(G23=54,KILOMETRAJE!C$57,IF(G23=55,KILOMETRAJE!C$58,IF(G23=56,KILOMETRAJE!C$59,IF(G23=57,KILOMETRAJE!C$60,IF(G23=58,KILOMETRAJE!C$61,IF(G23=59,KILOMETRAJE!C$62,IF(G23=60,KILOMETRAJE!C$63,IF(G23=61,KILOMETRAJE!C$64,IF(G23=62,KILOMETRAJE!C$65,IF(G23=63,KILOMETRAJE!C$66))))))))))))))))))))))))))))))))))))))))))))))))))))))))))))))) -> JRZ | I23: =IF(G23=1,KILOMETRAJE!E$4,IF(G23=2,KILOMETRAJE!E$5,IF(G23=3,KILOMETRAJE!E$6,IF(G23=4,KILOMETRAJE!E$7,IF(G23=5,KILOMETRAJE!E$8,IF(G23=6,KILOMETRAJE!E$9,IF(G23=7,KILOMETRAJE!E$10,IF(G23=8,KILOMETRAJE!E$11,IF(G23=9,KILOMETRAJE!E$12,IF(G23=10,KILOMETRAJE!E$13,IF(G23=11,KILOMETRAJE!E$14,IF(G23=12,KILOMETRAJE!E$15,IF(G23=13,KILOMETRAJE!E$16,IF(G23=14,KILOMETRAJE!E$17,IF(G23=15,KILOMETRAJE!E$18,IF(G23=16,KILOMETRAJE!E$19,IF(G23=17,KILOMETRAJE!E$20,IF(G23=18,KILOMETRAJE!E$21,IF(G23=19,KILOMETRAJE!E$22,IF(G23=20,KILOMETRAJE!E$23,IF(G23=21,KILOMETRAJE!E$24,IF(G23=22,KILOMETRAJE!E$25,IF(G23=23,KILOMETRAJE!E$26,IF(G23=24,KILOMETRAJE!E$27,IF(G23=25,KILOMETRAJE!E$28,IF(G23=26,KILOMETRAJE!E$29,IF(G23=27,KILOMETRAJE!E$30,IF(G23=28,KILOMETRAJE!E$31,IF(G23=29,KILOMETRAJE!E$32,IF(G23=30,KILOMETRAJE!E$33,IF(G23=31,KILOMETRAJE!E$34,IF(G23=32,KILOMETRAJE!E$35,IF(G23=33,KILOMETRAJE!E$36,IF(G23=34,KILOMETRAJE!E$37,IF(G23=35,KILOMETRAJE!E$38,IF(G23=36,KILOMETRAJE!E$39,IF(G23=37,KILOMETRAJE!E$40,IF(G23=38,KILOMETRAJE!E$41,IF(G23=39,KILOMETRAJE!E$42,IF(G23=40,KILOMETRAJE!E$43,IF(G23=41,KILOMETRAJE!E$44,IF(G23=42,KILOMETRAJE!E$45,IF(G23=43,KILOMETRAJE!E$46,IF(G23=44,KILOMETRAJE!E$47,IF(G23=45,KILOMETRAJE!E$48,IF(G23=46,KILOMETRAJE!E$49,IF(G23=47,KILOMETRAJE!E$50,IF(G23=48,KILOMETRAJE!E$51,IF(G23=49,KILOMETRAJE!E$52,IF(G23=50,KILOMETRAJE!E$53,IF(G23=51,KILOMETRAJE!E$54,IF(G23=52,KILOMETRAJE!E$55,IF(G23=53,KILOMETRAJE!E$56,IF(G23=54,KILOMETRAJE!E$57,IF(G23=55,KILOMETRAJE!E$58,IF(G23=56,KILOMETRAJE!E$59,IF(G23=57,KILOMETRAJE!E$60,IF(G23=58,KILOMETRAJE!E$61,IF(G23=59,KILOMETRAJE!E$62,IF(G23=60,KILOMETRAJE!E$63,IF(G23=61,KILOMETRAJE!E$64,IF(G23=62,KILOMETRAJE!E$65,IF(G23=63,KILOMETRAJE!E$66))))))))))))))))))))))))))))))))))))))))))))))))))))))))))))))) -> CHIH. | J23: =IF(G23=1,KILOMETRAJE!G$4,IF(G23=2,KILOMETRAJE!G$5,IF(G23=3,KILOMETRAJE!G$6,IF(G23=4,KILOMETRAJE!G$7,IF(G23=5,KILOMETRAJE!G$8,IF(G23=6,KILOMETRAJE!G$9,IF(G23=7,KILOMETRAJE!G$10,IF(G23=8,KILOMETRAJE!G$11,IF(G23=9,KILOMETRAJE!G$12,IF(G23=10,KILOMETRAJE!G$13,IF(G23=11,KILOMETRAJE!G$14,IF(G23=12,KILOMETRAJE!G$15,IF(G23=13,KILOMETRAJE!G$16,IF(G23=14,KILOMETRAJE!G$17,IF(G23=15,KILOMETRAJE!G$18,IF(G23=16,KILOMETRAJE!G$19,IF(G23=17,KILOMETRAJE!G$20,IF(G23=18,KILOMETRAJE!G$21,IF(G23=19,KILOMETRAJE!G$22,IF(G23=20,KILOMETRAJE!G$23,IF(G23=21,KILOMETRAJE!G$24,IF(G23=22,KILOMETRAJE!G$25,IF(G23=23,KILOMETRAJE!G$26,IF(G23=24,KILOMETRAJE!G$27,IF(G23=25,KILOMETRAJE!G$28,IF(G23=26,KILOMETRAJE!G$29,IF(G23=27,KILOMETRAJE!G$30,IF(G23=28,KILOMETRAJE!G$31,IF(G23=29,KILOMETRAJE!G$32,IF(G23=30,KILOMETRAJE!G$33,IF(G23=31,KILOMETRAJE!G$34,IF(G23=32,KILOMETRAJE!G$35,IF(G23=33,KILOMETRAJE!G$36,IF(G23=34,KILOMETRAJE!G$37,IF(G23=35,KILOMETRAJE!G$38,IF(G23=36,KILOMETRAJE!G$39,IF(G23=37,KILOMETRAJE!G$40,IF(G23=38,KILOMETRAJE!G$41,IF(G23=39,KILOMETRAJE!G$42,IF(G23=40,KILOMETRAJE!G$43,IF(G23=41,KILOMETRAJE!G$44,IF(G23=42,KILOMETRAJE!G$45,IF(G23=43,KILOMETRAJE!G$46,IF(G23=44,KILOMETRAJE!G$47,IF(G23=45,KILOMETRAJE!G$48,IF(G23=46,KILOMETRAJE!G$49,IF(G23=47,KILOMETRAJE!G$50,IF(G23=48,KILOMETRAJE!G$51,IF(G23=49,KILOMETRAJE!G$52,IF(G23=50,KILOMETRAJE!G$53,IF(G23=51,KILOMETRAJE!G$54,IF(G23=52,KILOMETRAJE!G$55,IF(G23=53,KILOMETRAJE!G$56,IF(G23=54,KILOMETRAJE!G$57,IF(G23=55,KILOMETRAJE!G$58,IF(G23=56,KILOMETRAJE!G$59,IF(G23=57,KILOMETRAJE!G$60,IF(G23=58,KILOMETRAJE!G$61,IF(G23=59,KILOMETRAJE!G$62,IF(G23=60,KILOMETRAJE!G$63,IF(G23=61,KILOMETRAJE!G$64,IF(G23=62,KILOMETRAJE!G$65,IF(G23=63,KILOMETRAJE!G$66))))))))))))))))))))))))))))))))))))))))))))))))))))))))))))))) -> 375 | M23: 764.58 | N23: 1 | O23: BS35062 | P23: XYLEM | Q23: =((((IF(N23=1,((J23)*0.29333)))+(IF(N23=2,((J23)*0.146666)))+(IF(N23=3,((J23)*0.146666)))))+(IF(N23=4,((J23-40)*0.29333)))+(IF(N23=5,((J23-50)*0.29333)))+(IF(N23=6,((J23-90)*0.29333)))) -> 109.99875 | U23: NA | V23: NA
D24: 2874723-4 | E24: 45940 | F24: 45940 | G24: 27 | H24: =IF(G24=1,KILOMETRAJE!C$4,IF(G24=2,KILOMETRAJE!C$5,IF(G24=3,KILOMETRAJE!C$6,IF(G24=4,KILOMETRAJE!C$7,IF(G24=5,KILOMETRAJE!C$8,IF(G24=6,KILOMETRAJE!C$9,IF(G24=7,KILOMETRAJE!C$10,IF(G24=8,KILOMETRAJE!C$11,IF(G24=9,KILOMETRAJE!C$12,IF(G24=10,KILOMETRAJE!C$13,IF(G24=11,KILOMETRAJE!C$14,IF(G24=12,KILOMETRAJE!C$15,IF(G24=13,KILOMETRAJE!C$16,IF(G24=14,KILOMETRAJE!C$17,IF(G24=15,KILOMETRAJE!C$18,IF(G24=16,KILOMETRAJE!C$19,IF(G24=17,KILOMETRAJE!C$20,IF(G24=18,KILOMETRAJE!C$21,IF(G24=19,KILOMETRAJE!C$22,IF(G24=20,KILOMETRAJE!C$23,IF(G24=21,KILOMETRAJE!C$24,IF(G24=22,KILOMETRAJE!C$25,IF(G24=23,KILOMETRAJE!C$26,IF(G24=24,KILOMETRAJE!C$27,IF(G24=25,KILOMETRAJE!C$28,IF(G24=26,KILOMETRAJE!C$29,IF(G24=27,KILOMETRAJE!C$30,IF(G24=28,KILOMETRAJE!C$31,IF(G24=29,KILOMETRAJE!C$32,IF(G24=30,KILOMETRAJE!C$33,IF(G24=31,KILOMETRAJE!C$34,IF(G24=32,KILOMETRAJE!C$35,IF(G24=33,KILOMETRAJE!C$36,IF(G24=34,KILOMETRAJE!C$37,IF(G24=35,KILOMETRAJE!C$38,IF(G24=36,KILOMETRAJE!C$39,IF(G24=37,KILOMETRAJE!C$40,IF(G24=38,KILOMETRAJE!C$41,IF(G24=39,KILOMETRAJE!C$42,IF(G24=40,KILOMETRAJE!C$43,IF(G24=41,KILOMETRAJE!C$44,IF(G24=42,KILOMETRAJE!C$45,IF(G24=43,KILOMETRAJE!C$46,IF(G24=44,KILOMETRAJE!C$47,IF(G24=45,KILOMETRAJE!C$48,IF(G24=46,KILOMETRAJE!C$49,IF(G24=47,KILOMETRAJE!C$50,IF(G24=48,KILOMETRAJE!C$51,IF(G24=49,KILOMETRAJE!C$52,IF(G24=50,KILOMETRAJE!C$53,IF(G24=51,KILOMETRAJE!C$54,IF(G24=52,KILOMETRAJE!C$55,IF(G24=53,KILOMETRAJE!C$56,IF(G24=54,KILOMETRAJE!C$57,IF(G24=55,KILOMETRAJE!C$58,IF(G24=56,KILOMETRAJE!C$59,IF(G24=57,KILOMETRAJE!C$60,IF(G24=58,KILOMETRAJE!C$61,IF(G24=59,KILOMETRAJE!C$62,IF(G24=60,KILOMETRAJE!C$63,IF(G24=61,KILOMETRAJE!C$64,IF(G24=62,KILOMETRAJE!C$65,IF(G24=63,KILOMETRAJE!C$66))))))))))))))))))))))))))))))))))))))))))))))))))))))))))))))) -> CHIH. | I24: =IF(G24=1,KILOMETRAJE!E$4,IF(G24=2,KILOMETRAJE!E$5,IF(G24=3,KILOMETRAJE!E$6,IF(G24=4,KILOMETRAJE!E$7,IF(G24=5,KILOMETRAJE!E$8,IF(G24=6,KILOMETRAJE!E$9,IF(G24=7,KILOMETRAJE!E$10,IF(G24=8,KILOMETRAJE!E$11,IF(G24=9,KILOMETRAJE!E$12,IF(G24=10,KILOMETRAJE!E$13,IF(G24=11,KILOMETRAJE!E$14,IF(G24=12,KILOMETRAJE!E$15,IF(G24=13,KILOMETRAJE!E$16,IF(G24=14,KILOMETRAJE!E$17,IF(G24=15,KILOMETRAJE!E$18,IF(G24=16,KILOMETRAJE!E$19,IF(G24=17,KILOMETRAJE!E$20,IF(G24=18,KILOMETRAJE!E$21,IF(G24=19,KILOMETRAJE!E$22,IF(G24=20,KILOMETRAJE!E$23,IF(G24=21,KILOMETRAJE!E$24,IF(G24=22,KILOMETRAJE!E$25,IF(G24=23,KILOMETRAJE!E$26,IF(G24=24,KILOMETRAJE!E$27,IF(G24=25,KILOMETRAJE!E$28,IF(G24=26,KILOMETRAJE!E$29,IF(G24=27,KILOMETRAJE!E$30,IF(G24=28,KILOMETRAJE!E$31,IF(G24=29,KILOMETRAJE!E$32,IF(G24=30,KILOMETRAJE!E$33,IF(G24=31,KILOMETRAJE!E$34,IF(G24=32,KILOMETRAJE!E$35,IF(G24=33,KILOMETRAJE!E$36,IF(G24=34,KILOMETRAJE!E$37,IF(G24=35,KILOMETRAJE!E$38,IF(G24=36,KILOMETRAJE!E$39,IF(G24=37,KILOMETRAJE!E$40,IF(G24=38,KILOMETRAJE!E$41,IF(G24=39,KILOMETRAJE!E$42,IF(G24=40,KILOMETRAJE!E$43,IF(G24=41,KILOMETRAJE!E$44,IF(G24=42,KILOMETRAJE!E$45,IF(G24=43,KILOMETRAJE!E$46,IF(G24=44,KILOMETRAJE!E$47,IF(G24=45,KILOMETRAJE!E$48,IF(G24=46,KILOMETRAJE!E$49,IF(G24=47,KILOMETRAJE!E$50,IF(G24=48,KILOMETRAJE!E$51,IF(G24=49,KILOMETRAJE!E$52,IF(G24=50,KILOMETRAJE!E$53,IF(G24=51,KILOMETRAJE!E$54,IF(G24=52,KILOMETRAJE!E$55,IF(G24=53,KILOMETRAJE!E$56,IF(G24=54,KILOMETRAJE!E$57,IF(G24=55,KILOMETRAJE!E$58,IF(G24=56,KILOMETRAJE!E$59,IF(G24=57,KILOMETRAJE!E$60,IF(G24=58,KILOMETRAJE!E$61,IF(G24=59,KILOMETRAJE!E$62,IF(G24=60,KILOMETRAJE!E$63,IF(G24=61,KILOMETRAJE!E$64,IF(G24=62,KILOMETRAJE!E$65,IF(G24=63,KILOMETRAJE!E$66))))))))))))))))))))))))))))))))))))))))))))))))))))))))))))))) -> ELP | J24: =IF(G24=1,KILOMETRAJE!G$4,IF(G24=2,KILOMETRAJE!G$5,IF(G24=3,KILOMETRAJE!G$6,IF(G24=4,KILOMETRAJE!G$7,IF(G24=5,KILOMETRAJE!G$8,IF(G24=6,KILOMETRAJE!G$9,IF(G24=7,KILOMETRAJE!G$10,IF(G24=8,KILOMETRAJE!G$11,IF(G24=9,KILOMETRAJE!G$12,IF(G24=10,KILOMETRAJE!G$13,IF(G24=11,KILOMETRAJE!G$14,IF(G24=12,KILOMETRAJE!G$15,IF(G24=13,KILOMETRAJE!G$16,IF(G24=14,KILOMETRAJE!G$17,IF(G24=15,KILOMETRAJE!G$18,IF(G24=16,KILOMETRAJE!G$19,IF(G24=17,KILOMETRAJE!G$20,IF(G24=18,KILOMETRAJE!G$21,IF(G24=19,KILOMETRAJE!G$22,IF(G24=20,KILOMETRAJE!G$23,IF(G24=21,KILOMETRAJE!G$24,IF(G24=22,KILOMETRAJE!G$25,IF(G24=23,KILOMETRAJE!G$26,IF(G24=24,KILOMETRAJE!G$27,IF(G24=25,KILOMETRAJE!G$28,IF(G24=26,KILOMETRAJE!G$29,IF(G24=27,KILOMETRAJE!G$30,IF(G24=28,KILOMETRAJE!G$31,IF(G24=29,KILOMETRAJE!G$32,IF(G24=30,KILOMETRAJE!G$33,IF(G24=31,KILOMETRAJE!G$34,IF(G24=32,KILOMETRAJE!G$35,IF(G24=33,KILOMETRAJE!G$36,IF(G24=34,KILOMETRAJE!G$37,IF(G24=35,KILOMETRAJE!G$38,IF(G24=36,KILOMETRAJE!G$39,IF(G24=37,KILOMETRAJE!G$40,IF(G24=38,KILOMETRAJE!G$41,IF(G24=39,KILOMETRAJE!G$42,IF(G24=40,KILOMETRAJE!G$43,IF(G24=41,KILOMETRAJE!G$44,IF(G24=42,KILOMETRAJE!G$45,IF(G24=43,KILOMETRAJE!G$46,IF(G24=44,KILOMETRAJE!G$47,IF(G24=45,KILOMETRAJE!G$48,IF(G24=46,KILOMETRAJE!G$49,IF(G24=47,KILOMETRAJE!G$50,IF(G24=48,KILOMETRAJE!G$51,IF(G24=49,KILOMETRAJE!G$52,IF(G24=50,KILOMETRAJE!G$53,IF(G24=51,KILOMETRAJE!G$54,IF(G24=52,KILOMETRAJE!G$55,IF(G24=53,KILOMETRAJE!G$56,IF(G24=54,KILOMETRAJE!G$57,IF(G24=55,KILOMETRAJE!G$58,IF(G24=56,KILOMETRAJE!G$59,IF(G24=57,KILOMETRAJE!G$60,IF(G24=58,KILOMETRAJE!G$61,IF(G24=59,KILOMETRAJE!G$62,IF(G24=60,KILOMETRAJE!G$63,IF(G24=61,KILOMETRAJE!G$64,IF(G24=62,KILOMETRAJE!G$65,IF(G24=63,KILOMETRAJE!G$66))))))))))))))))))))))))))))))))))))))))))))))))))))))))))))))) -> 415 | K24: 250.544 | L24: =SUM(J23:J24)/K24 -> 3.1531388 | M24: 3780.65 | N24: 4 | O24: BS35095 | P24: G. AMERICAN | Q24: =((((IF(N24=1,((J24)*0.29333)))+(IF(N24=2,((J24)*0.146666)))+(IF(N24=3,((J24)*0.146666)))))+(IF(N24=4,((J24-40)*0.29333)))+(IF(N24=5,((J24-50)*0.29333)))+(IF(N24=6,((J24-90)*0.29333)))) -> 109.99875 | R24: =+LOOKUP(P42,UNIDADES!B$3:B$59,UNIDADES!C$3:C$59) -> 2.45098 | S24: =+((SUM(J23:J24)-40)/R24)-K24 -> 55.456049 | T24: =+S24*14.85 -> 823.52233 | U24: 57 | V24: 57
C25: 45980 | D25: 2875104-1 | E25: 45941 | F25: 45943 | G25: 2 | H25: =IF(G25=1,KILOMETRAJE!C$4,IF(G25=2,KILOMETRAJE!C$5,IF(G25=3,KILOMETRAJE!C$6,IF(G25=4,KILOMETRAJE!C$7,IF(G25=5,KILOMETRAJE!C$8,IF(G25=6,KILOMETRAJE!C$9,IF(G25=7,KILOMETRAJE!C$10,IF(G25=8,KILOMETRAJE!C$11,IF(G25=9,KILOMETRAJE!C$12,IF(G25=10,KILOMETRAJE!C$13,IF(G25=11,KILOMETRAJE!C$14,IF(G25=12,KILOMETRAJE!C$15,IF(G25=13,KILOMETRAJE!C$16,IF(G25=14,KILOMETRAJE!C$17,IF(G25=15,KILOMETRAJE!C$18,IF(G25=16,KILOMETRAJE!C$19,IF(G25=17,KILOMETRAJE!C$20,IF(G25=18,KILOMETRAJE!C$21,IF(G25=19,KILOMETRAJE!C$22,IF(G25=20,KILOMETRAJE!C$23,IF(G25=21,KILOMETRAJE!C$24,IF(G25=22,KILOMETRAJE!C$25,IF(G25=23,KILOMETRAJE!C$26,IF(G25=24,KILOMETRAJE!C$27,IF(G25=25,KILOMETRAJE!C$28,IF(G25=26,KILOMETRAJE!C$29,IF(G25=27,KILOMETRAJE!C$30,IF(G25=28,KILOMETRAJE!C$31,IF(G25=29,KILOMETRAJE!C$32,IF(G25=30,KILOMETRAJE!C$33,IF(G25=31,KILOMETRAJE!C$34,IF(G25=32,KILOMETRAJE!C$35,IF(G25=33,KILOMETRAJE!C$36,IF(G25=34,KILOMETRAJE!C$37,IF(G25=35,KILOMETRAJE!C$38,IF(G25=36,KILOMETRAJE!C$39,IF(G25=37,KILOMETRAJE!C$40,IF(G25=38,KILOMETRAJE!C$41,IF(G25=39,KILOMETRAJE!C$42,IF(G25=40,KILOMETRAJE!C$43,IF(G25=41,KILOMETRAJE!C$44,IF(G25=42,KILOMETRAJE!C$45,IF(G25=43,KILOMETRAJE!C$46,IF(G25=44,KILOMETRAJE!C$47,IF(G25=45,KILOMETRAJE!C$48,IF(G25=46,KILOMETRAJE!C$49,IF(G25=47,KILOMETRAJE!C$50,IF(G25=48,KILOMETRAJE!C$51,IF(G25=49,KILOMETRAJE!C$52,IF(G25=50,KILOMETRAJE!C$53,IF(G25=51,KILOMETRAJE!C$54,IF(G25=52,KILOMETRAJE!C$55,IF(G25=53,KILOMETRAJE!C$56,IF(G25=54,KILOMETRAJE!C$57,IF(G25=55,KILOMETRAJE!C$58,IF(G25=56,KILOMETRAJE!C$59,IF(G25=57,KILOMETRAJE!C$60,IF(G25=58,KILOMETRAJE!C$61,IF(G25=59,KILOMETRAJE!C$62,IF(G25=60,KILOMETRAJE!C$63,IF(G25=61,KILOMETRAJE!C$64,IF(G25=62,KILOMETRAJE!C$65,IF(G25=63,KILOMETRAJE!C$66))))))))))))))))))))))))))))))))))))))))))))))))))))))))))))))) -> JRZ | I25: =IF(G25=1,KILOMETRAJE!E$4,IF(G25=2,KILOMETRAJE!E$5,IF(G25=3,KILOMETRAJE!E$6,IF(G25=4,KILOMETRAJE!E$7,IF(G25=5,KILOMETRAJE!E$8,IF(G25=6,KILOMETRAJE!E$9,IF(G25=7,KILOMETRAJE!E$10,IF(G25=8,KILOMETRAJE!E$11,IF(G25=9,KILOMETRAJE!E$12,IF(G25=10,KILOMETRAJE!E$13,IF(G25=11,KILOMETRAJE!E$14,IF(G25=12,KILOMETRAJE!E$15,IF(G25=13,KILOMETRAJE!E$16,IF(G25=14,KILOMETRAJE!E$17,IF(G25=15,KILOMETRAJE!E$18,IF(G25=16,KILOMETRAJE!E$19,IF(G25=17,KILOMETRAJE!E$20,IF(G25=18,KILOMETRAJE!E$21,IF(G25=19,KILOMETRAJE!E$22,IF(G25=20,KILOMETRAJE!E$23,IF(G25=21,KILOMETRAJE!E$24,IF(G25=22,KILOMETRAJE!E$25,IF(G25=23,KILOMETRAJE!E$26,IF(G25=24,KILOMETRAJE!E$27,IF(G25=25,KILOMETRAJE!E$28,IF(G25=26,KILOMETRAJE!E$29,IF(G25=27,KILOMETRAJE!E$30,IF(G25=28,KILOMETRAJE!E$31,IF(G25=29,KILOMETRAJE!E$32,IF(G25=30,KILOMETRAJE!E$33,IF(G25=31,KILOMETRAJE!E$34,IF(G25=32,KILOMETRAJE!E$35,IF(G25=33,KILOMETRAJE!E$36,IF(G25=34,KILOMETRAJE!E$37,IF(G25=35,KILOMETRAJE!E$38,IF(G25=36,KILOMETRAJE!E$39,IF(G25=37,KILOMETRAJE!E$40,IF(G25=38,KILOMETRAJE!E$41,IF(G25=39,KILOMETRAJE!E$42,IF(G25=40,KILOMETRAJE!E$43,IF(G25=41,KILOMETRAJE!E$44,IF(G25=42,KILOMETRAJE!E$45,IF(G25=43,KILOMETRAJE!E$46,IF(G25=44,KILOMETRAJE!E$47,IF(G25=45,KILOMETRAJE!E$48,IF(G25=46,KILOMETRAJE!E$49,IF(G25=47,KILOMETRAJE!E$50,IF(G25=48,KILOMETRAJE!E$51,IF(G25=49,KILOMETRAJE!E$52,IF(G25=50,KILOMETRAJE!E$53,IF(G25=51,KILOMETRAJE!E$54,IF(G25=52,KILOMETRAJE!E$55,IF(G25=53,KILOMETRAJE!E$56,IF(G25=54,KILOMETRAJE!E$57,IF(G25=55,KILOMETRAJE!E$58,IF(G25=56,KILOMETRAJE!E$59,IF(G25=57,KILOMETRAJE!E$60,IF(G25=58,KILOMETRAJE!E$61,IF(G25=59,KILOMETRAJE!E$62,IF(G25=60,KILOMETRAJE!E$63,IF(G25=61,KILOMETRAJE!E$64,IF(G25=62,KILOMETRAJE!E$65,IF(G25=63,KILOMETRAJE!E$66))))))))))))))))))))))))))))))))))))))))))))))))))))))))))))))) -> CHIH. | J25: =IF(G25=1,KILOMETRAJE!G$4,IF(G25=2,KILOMETRAJE!G$5,IF(G25=3,KILOMETRAJE!G$6,IF(G25=4,KILOMETRAJE!G$7,IF(G25=5,KILOMETRAJE!G$8,IF(G25=6,KILOMETRAJE!G$9,IF(G25=7,KILOMETRAJE!G$10,IF(G25=8,KILOMETRAJE!G$11,IF(G25=9,KILOMETRAJE!G$12,IF(G25=10,KILOMETRAJE!G$13,IF(G25=11,KILOMETRAJE!G$14,IF(G25=12,KILOMETRAJE!G$15,IF(G25=13,KILOMETRAJE!G$16,IF(G25=14,KILOMETRAJE!G$17,IF(G25=15,KILOMETRAJE!G$18,IF(G25=16,KILOMETRAJE!G$19,IF(G25=17,KILOMETRAJE!G$20,IF(G25=18,KILOMETRAJE!G$21,IF(G25=19,KILOMETRAJE!G$22,IF(G25=20,KILOMETRAJE!G$23,IF(G25=21,KILOMETRAJE!G$24,IF(G25=22,KILOMETRAJE!G$25,IF(G25=23,KILOMETRAJE!G$26,IF(G25=24,KILOMETRAJE!G$27,IF(G25=25,KILOMETRAJE!G$28,IF(G25=26,KILOMETRAJE!G$29,IF(G25=27,KILOMETRAJE!G$30,IF(G25=28,KILOMETRAJE!G$31,IF(G25=29,KILOMETRAJE!G$32,IF(G25=30,KILOMETRAJE!G$33,IF(G25=31,KILOMETRAJE!G$34,IF(G25=32,KILOMETRAJE!G$35,IF(G25=33,KILOMETRAJE!G$36,IF(G25=34,KILOMETRAJE!G$37,IF(G25=35,KILOMETRAJE!G$38,IF(G25=36,KILOMETRAJE!G$39,IF(G25=37,KILOMETRAJE!G$40,IF(G25=38,KILOMETRAJE!G$41,IF(G25=39,KILOMETRAJE!G$42,IF(G25=40,KILOMETRAJE!G$43,IF(G25=41,KILOMETRAJE!G$44,IF(G25=42,KILOMETRAJE!G$45,IF(G25=43,KILOMETRAJE!G$46,IF(G25=44,KILOMETRAJE!G$47,IF(G25=45,KILOMETRAJE!G$48,IF(G25=46,KILOMETRAJE!G$49,IF(G25=47,KILOMETRAJE!G$50,IF(G25=48,KILOMETRAJE!G$51,IF(G25=49,KILOMETRAJE!G$52,IF(G25=50,KILOMETRAJE!G$53,IF(G25=51,KILOMETRAJE!G$54,IF(G25=52,KILOMETRAJE!G$55,IF(G25=53,KILOMETRAJE!G$56,IF(G25=54,KILOMETRAJE!G$57,IF(G25=55,KILOMETRAJE!G$58,IF(G25=56,KILOMETRAJE!G$59,IF(G25=57,KILOMETRAJE!G$60,IF(G25=58,KILOMETRAJE!G$61,IF(G25=59,KILOMETRAJE!G$62,IF(G25=60,KILOMETRAJE!G$63,IF(G25=61,KILOMETRAJE!G$64,IF(G25=62,KILOMETRAJE!G$65,IF(G25=63,KILOMETRAJE!G$66))))))))))))))))))))))))))))))))))))))))))))))))))))))))))))))) -> 375 | M25: 0 | N25: 2 | O25: BS53757 | P25: SOTELO | Q25: =((((IF(N25=1,((J25)*0.29333)))+(IF(N25=2,((J25)*0.146666)))+(IF(N25=3,((J25)*0.146666)))))+(IF(N25=4,((J25-40)*0.29333)))+(IF(N25=5,((J25-50)*0.29333)))+(IF(N25=6,((J25-90)*0.29333)))) -> 54.99975 | U25: NA | V25: NA
D26: 2875247-5 | E26: 45943 | F26: 45943 | G26: 27 | H26: =IF(G26=1,KILOMETRAJE!C$4,IF(G26=2,KILOMETRAJE!C$5,IF(G26=3,KILOMETRAJE!C$6,IF(G26=4,KILOMETRAJE!C$7,IF(G26=5,KILOMETRAJE!C$8,IF(G26=6,KILOMETRAJE!C$9,IF(G26=7,KILOMETRAJE!C$10,IF(G26=8,KILOMETRAJE!C$11,IF(G26=9,KILOMETRAJE!C$12,IF(G26=10,KILOMETRAJE!C$13,IF(G26=11,KILOMETRAJE!C$14,IF(G26=12,KILOMETRAJE!C$15,IF(G26=13,KILOMETRAJE!C$16,IF(G26=14,KILOMETRAJE!C$17,IF(G26=15,KILOMETRAJE!C$18,IF(G26=16,KILOMETRAJE!C$19,IF(G26=17,KILOMETRAJE!C$20,IF(G26=18,KILOMETRAJE!C$21,IF(G26=19,KILOMETRAJE!C$22,IF(G26=20,KILOMETRAJE!C$23,IF(G26=21,KILOMETRAJE!C$24,IF(G26=22,KILOMETRAJE!C$25,IF(G26=23,KILOMETRAJE!C$26,IF(G26=24,KILOMETRAJE!C$27,IF(G26=25,KILOMETRAJE!C$28,IF(G26=26,KILOMETRAJE!C$29,IF(G26=27,KILOMETRAJE!C$30,IF(G26=28,KILOMETRAJE!C$31,IF(G26=29,KILOMETRAJE!C$32,IF(G26=30,KILOMETRAJE!C$33,IF(G26=31,KILOMETRAJE!C$34,IF(G26=32,KILOMETRAJE!C$35,IF(G26=33,KILOMETRAJE!C$36,IF(G26=34,KILOMETRAJE!C$37,IF(G26=35,KILOMETRAJE!C$38,IF(G26=36,KILOMETRAJE!C$39,IF(G26=37,KILOMETRAJE!C$40,IF(G26=38,KILOMETRAJE!C$41,IF(G26=39,KILOMETRAJE!C$42,IF(G26=40,KILOMETRAJE!C$43,IF(G26=41,KILOMETRAJE!C$44,IF(G26=42,KILOMETRAJE!C$45,IF(G26=43,KILOMETRAJE!C$46,IF(G26=44,KILOMETRAJE!C$47,IF(G26=45,KILOMETRAJE!C$48,IF(G26=46,KILOMETRAJE!C$49,IF(G26=47,KILOMETRAJE!C$50,IF(G26=48,KILOMETRAJE!C$51,IF(G26=49,KILOMETRAJE!C$52,IF(G26=50,KILOMETRAJE!C$53,IF(G26=51,KILOMETRAJE!C$54,IF(G26=52,KILOMETRAJE!C$55,IF(G26=53,KILOMETRAJE!C$56,IF(G26=54,KILOMETRAJE!C$57,IF(G26=55,KILOMETRAJE!C$58,IF(G26=56,KILOMETRAJE!C$59,IF(G26=57,KILOMETRAJE!C$60,IF(G26=58,KILOMETRAJE!C$61,IF(G26=59,KILOMETRAJE!C$62,IF(G26=60,KILOMETRAJE!C$63,IF(G26=61,KILOMETRAJE!C$64,IF(G26=62,KILOMETRAJE!C$65,IF(G26=63,KILOMETRAJE!C$66))))))))))))))))))))))))))))))))))))))))))))))))))))))))))))))) -> CHIH. | I26: =IF(G26=1,KILOMETRAJE!E$4,IF(G26=2,KILOMETRAJE!E$5,IF(G26=3,KILOMETRAJE!E$6,IF(G26=4,KILOMETRAJE!E$7,IF(G26=5,KILOMETRAJE!E$8,IF(G26=6,KILOMETRAJE!E$9,IF(G26=7,KILOMETRAJE!E$10,IF(G26=8,KILOMETRAJE!E$11,IF(G26=9,KILOMETRAJE!E$12,IF(G26=10,KILOMETRAJE!E$13,IF(G26=11,KILOMETRAJE!E$14,IF(G26=12,KILOMETRAJE!E$15,IF(G26=13,KILOMETRAJE!E$16,IF(G26=14,KILOMETRAJE!E$17,IF(G26=15,KILOMETRAJE!E$18,IF(G26=16,KILOMETRAJE!E$19,IF(G26=17,KILOMETRAJE!E$20,IF(G26=18,KILOMETRAJE!E$21,IF(G26=19,KILOMETRAJE!E$22,IF(G26=20,KILOMETRAJE!E$23,IF(G26=21,KILOMETRAJE!E$24,IF(G26=22,KILOMETRAJE!E$25,IF(G26=23,KILOMETRAJE!E$26,IF(G26=24,KILOMETRAJE!E$27,IF(G26=25,KILOMETRAJE!E$28,IF(G26=26,KILOMETRAJE!E$29,IF(G26=27,KILOMETRAJE!E$30,IF(G26=28,KILOMETRAJE!E$31,IF(G26=29,KILOMETRAJE!E$32,IF(G26=30,KILOMETRAJE!E$33,IF(G26=31,KILOMETRAJE!E$34,IF(G26=32,KILOMETRAJE!E$35,IF(G26=33,KILOMETRAJE!E$36,IF(G26=34,KILOMETRAJE!E$37,IF(G26=35,KILOMETRAJE!E$38,IF(G26=36,KILOMETRAJE!E$39,IF(G26=37,KILOMETRAJE!E$40,IF(G26=38,KILOMETRAJE!E$41,IF(G26=39,KILOMETRAJE!E$42,IF(G26=40,KILOMETRAJE!E$43,IF(G26=41,KILOMETRAJE!E$44,IF(G26=42,KILOMETRAJE!E$45,IF(G26=43,KILOMETRAJE!E$46,IF(G26=44,KILOMETRAJE!E$47,IF(G26=45,KILOMETRAJE!E$48,IF(G26=46,KILOMETRAJE!E$49,IF(G26=47,KILOMETRAJE!E$50,IF(G26=48,KILOMETRAJE!E$51,IF(G26=49,KILOMETRAJE!E$52,IF(G26=50,KILOMETRAJE!E$53,IF(G26=51,KILOMETRAJE!E$54,IF(G26=52,KILOMETRAJE!E$55,IF(G26=53,KILOMETRAJE!E$56,IF(G26=54,KILOMETRAJE!E$57,IF(G26=55,KILOMETRAJE!E$58,IF(G26=56,KILOMETRAJE!E$59,IF(G26=57,KILOMETRAJE!E$60,IF(G26=58,KILOMETRAJE!E$61,IF(G26=59,KILOMETRAJE!E$62,IF(G26=60,KILOMETRAJE!E$63,IF(G26=61,KILOMETRAJE!E$64,IF(G26=62,KILOMETRAJE!E$65,IF(G26=63,KILOMETRAJE!E$66))))))))))))))))))))))))))))))))))))))))))))))))))))))))))))))) -> ELP | J26: =IF(G26=1,KILOMETRAJE!G$4,IF(G26=2,KILOMETRAJE!G$5,IF(G26=3,KILOMETRAJE!G$6,IF(G26=4,KILOMETRAJE!G$7,IF(G26=5,KILOMETRAJE!G$8,IF(G26=6,KILOMETRAJE!G$9,IF(G26=7,KILOMETRAJE!G$10,IF(G26=8,KILOMETRAJE!G$11,IF(G26=9,KILOMETRAJE!G$12,IF(G26=10,KILOMETRAJE!G$13,IF(G26=11,KILOMETRAJE!G$14,IF(G26=12,KILOMETRAJE!G$15,IF(G26=13,KILOMETRAJE!G$16,IF(G26=14,KILOMETRAJE!G$17,IF(G26=15,KILOMETRAJE!G$18,IF(G26=16,KILOMETRAJE!G$19,IF(G26=17,KILOMETRAJE!G$20,IF(G26=18,KILOMETRAJE!G$21,IF(G26=19,KILOMETRAJE!G$22,IF(G26=20,KILOMETRAJE!G$23,IF(G26=21,KILOMETRAJE!G$24,IF(G26=22,KILOMETRAJE!G$25,IF(G26=23,KILOMETRAJE!G$26,IF(G26=24,KILOMETRAJE!G$27,IF(G26=25,KILOMETRAJE!G$28,IF(G26=26,KILOMETRAJE!G$29,IF(G26=27,KILOMETRAJE!G$30,IF(G26=28,KILOMETRAJE!G$31,IF(G26=29,KILOMETRAJE!G$32,IF(G26=30,KILOMETRAJE!G$33,IF(G26=31,KILOMETRAJE!G$34,IF(G26=32,KILOMETRAJE!G$35,IF(G26=33,KILOMETRAJE!G$36,IF(G26=34,KILOMETRAJE!G$37,IF(G26=35,KILOMETRAJE!G$38,IF(G26=36,KILOMETRAJE!G$39,IF(G26=37,KILOMETRAJE!G$40,IF(G26=38,KILOMETRAJE!G$41,IF(G26=39,KILOMETRAJE!G$42,IF(G26=40,KILOMETRAJE!G$43,IF(G26=41,KILOMETRAJE!G$44,IF(G26=42,KILOMETRAJE!G$45,IF(G26=43,KILOMETRAJE!G$46,IF(G26=44,KILOMETRAJE!G$47,IF(G26=45,KILOMETRAJE!G$48,IF(G26=46,KILOMETRAJE!G$49,IF(G26=47,KILOMETRAJE!G$50,IF(G26=48,KILOMETRAJE!G$51,IF(G26=49,KILOMETRAJE!G$52,IF(G26=50,KILOMETRAJE!G$53,IF(G26=51,KILOMETRAJE!G$54,IF(G26=52,KILOMETRAJE!G$55,IF(G26=53,KILOMETRAJE!G$56,IF(G26=54,KILOMETRAJE!G$57,IF(G26=55,KILOMETRAJE!G$58,IF(G26=56,KILOMETRAJE!G$59,IF(G26=57,KILOMETRAJE!G$60,IF(G26=58,KILOMETRAJE!G$61,IF(G26=59,KILOMETRAJE!G$62,IF(G26=60,KILOMETRAJE!G$63,IF(G26=61,KILOMETRAJE!G$64,IF(G26=62,KILOMETRAJE!G$65,IF(G26=63,KILOMETRAJE!G$66))))))))))))))))))))))))))))))))))))))))))))))))))))))))))))))) -> 415 | K26: 196.071 | L26: =SUM(J25:J26)/K26 -> 4.0291527 | M26: 1413.46 | N26: 4 | O26: BS53757 | P26: G. AMERICAN | Q26: =((((IF(N26=1,((J26)*0.29333)))+(IF(N26=2,((J26)*0.146666)))+(IF(N26=3,((J26)*0.146666)))))+(IF(N26=4,((J26-40)*0.29333)))+(IF(N26=5,((J26-50)*0.29333)))+(IF(N26=6,((J26-90)*0.29333)))) -> 109.99875 | R26: =+LOOKUP(P43,UNIDADES!B$3:B$59,UNIDADES!C$3:C$59) -> 2.45098 | S26: =+((SUM(J25:J26)-40)/R26)-K26 -> 109.92905 | T26: =+S26*14.85 -> 1632.4464 | U26: 57 | V26: 57
E34: CRUCES | F34: 45936 | H34: =+F34+1 -> 45937 | I34: =+H34+1 -> 45938 | J34: =+I34+1 -> 45939 | K34: =+J34+1 -> 45940 | L34: =+K34+2 -> 45942 | M34: TOTAL.C
H35: 750 | I35: 750 | J35: 900 | K35: 500 | L35: 500 | M35: =SUM(F35:L35) -> 3400
C37: PERCEPCIONES DE LA SEMANA | O37: TOTAL: | Q37: =+F49-L46 -> 9671.0291
C38: PAGO POR KM | F38: =SUM(Q18:Q33) -> 769.992 | I38: CONCEPTO | J38: FECHA | K38: FOLIO | L38: MONTO
C39: DIESEL A FAVOR | F39: =SUM(T18:T33) -> 5128.2871 | O39: FOLIO | P39: UNIDAD | Q39: ODM. INICIAL | S39: ODM. FINAL | T39: KM. RECORR | U39: KM. LIQUID | V39: LTS | W39: PESO
C40: CRUCES | F40: =+M35 -> 3400 | O40: 45901 | P40: F-021 | Q40: 184246 | S40: 185013 | T40: =+S40-Q40 -> 767 | U40: =SUM(J19:J20) -> 790 | V40: =+K20 -> 222.026 | W40: =(SUM(M19:M20)/2) -> 2216.39
C41: DOBLETE | F41: 100 | O41: 45913 | P41: F-021 | Q41: 185013 | S41: 185782 | T41: =+S41-Q41 -> 769 | U41: =SUM(J21:J22) -> 790 | V41: =+K22 -> 210.02 | W41: =(SUM(M21:M22)/2) -> 609.5
C42: ESTANCIAS | O42: 45944 | P42: F-021 | Q42: 185752 | S42: 186627 | T42: =+S42-Q42 -> 875 | U42: =SUM(J23:J24) -> 790 | V42: =+K24 -> 250.544 | W42: =(SUM(M23:M24)/2) -> 2272.615
C43: BONO QMS | O43: 45980 | P43: F-021 | Q43: 186627 | S43: 187389 | T43: =+S43-Q43 -> 762 | U43: =SUM(J25:J26) -> 790 | V43: =+K26 -> 196.071 | W43: =(SUM(M25:M26)/2) -> 706.73
C44: CRUCE PERICAS | F44: 50 | T44: =+S44-Q44 -> 0 | U44: =SUM(J27:J28) -> 0 | V44: =+K28 -> 0 | W44: =(SUM(M27:M28)/2) -> 0
C45: 20 LTS | T45: =+S45-Q45 -> 0 | U45: =SUM(J29:J30) -> 0 | V45: =+K30 -> 0 | W45: =(SUM(M29:M30)/2) -> 0
C46: DOBLETE | I46: TOTAL DEDUCCIONES: | L46: =SUM(L39:L45) -> 0 | U46: =SUM(J31:J32) -> 0 | V46: =+K32 -> 0 | W46: =(SUM(M31:M32)/2) -> 0
C47: PT POR CRUCE | F47: 222.75
C48: AMARRE
C49: TOTAL DE PERCEPCIONES: | F49: =SUM(F38:G48) -> 9671.0291
P50: CODIGO C/V/PT
C51: OBSERVACIONES: | P51: 1 | Q51: CARGADO
P52: 2 | Q52: VACIO
P53: 3 | Q53: PT
P54: 4 | Q54: CARGADO/ELP
P55: 5 | Q55: CARGADO FOK/HAW
D56: FIRMA DE AUTORIZACION | J56: FIRMA DE CONFORMIDAD | P56: 6 | Q56: CARGADO FOK/HAW-EL P

Sheet AGUILAR RODRIGUEZ JORGE ALONSO
Q2: SEMANA:
I3: FLETES SOTELO S.A DE C.V | Q3: =+'AGUILAR ESQUIVEL CARLOS'!Q3:S3 -> 42
I4: RFC: FSO880915JP8
I5: CAMINO DE LOS ESTEROS 720 | Q5: FOLIO DE LIQUIDACION
I6: PARTIDO DOBALDO CD.JUAREZ CHIHU. | Q6: =+'AGUILAR ESQUIVEL CARLOS'!Q6+1 -> 26
I9: INFORMACION DEL OPERADOR
D11: OPERADOR: | E11: AGUILAR RODRIGUEZ JORGE ALONSO | K11: FECHA DE PERIODO: | L11: ='REYES LARA DANTE'!L11 -> SEMANA #42 PERIODO DEL 06 AL 12 DE OCTUBRE DEL 2025
D12: UNIDAD: | E12: F-029
D14: ODOM.INIC: | F14: 167918 | I14: COMBUSTIBLE INICI: | O14: COMBUSTIBLE CARGADO:
D15: ODOM.FINAL: | F15: 168634 | I15: COMBUSTIBLE FIN: | O15: DIF. DE DIESEL:
D16: KM RECORRIDOS: | F16: =SUM(J19:J32) -> 3050 | I16: DIESEL CONSUMIDO: | J16: =SUM(K19:K32) -> 880.932 | O16: RENDIMIENTO: | P16: =+F16/J16 -> 3.4622423
C18: FOLIO LIQUIDACION | D18: CORDENADA | E18: FECHA SALIDA | F18: FECHA LLEGADA | G18: R: | H18: ORIGEN | I18: DESTINO | J18: KMS | K18: RECARGA | L18: RENDIMIENTO | M18: PESO DE CARGA (kg) | N18: C / V / PT | O18: REMOLQUE | P18: CLIENTE | Q18: PAGO POR KM | R18: RENDIMIENTO PAGO | S18: LITROS A PAGO | T18: DIESEL A FAVOR | U18: SALIDA | V18: REGRESO
B19: QMS | C19: 45859 | D19: 2872025-4 | E19: 45926 | F19: 45927 | G19: 23 | H19: =IF(G19=1,KILOMETRAJE!C$4,IF(G19=2,KILOMETRAJE!C$5,IF(G19=3,KILOMETRAJE!C$6,IF(G19=4,KILOMETRAJE!C$7,IF(G19=5,KILOMETRAJE!C$8,IF(G19=6,KILOMETRAJE!C$9,IF(G19=7,KILOMETRAJE!C$10,IF(G19=8,KILOMETRAJE!C$11,IF(G19=9,KILOMETRAJE!C$12,IF(G19=10,KILOMETRAJE!C$13,IF(G19=11,KILOMETRAJE!C$14,IF(G19=12,KILOMETRAJE!C$15,IF(G19=13,KILOMETRAJE!C$16,IF(G19=14,KILOMETRAJE!C$17,IF(G19=15,KILOMETRAJE!C$18,IF(G19=16,KILOMETRAJE!C$19,IF(G19=17,KILOMETRAJE!C$20,IF(G19=18,KILOMETRAJE!C$21,IF(G19=19,KILOMETRAJE!C$22,IF(G19=20,KILOMETRAJE!C$23,IF(G19=21,KILOMETRAJE!C$24,IF(G19=22,KILOMETRAJE!C$25,IF(G19=23,KILOMETRAJE!C$26,IF(G19=24,KILOMETRAJE!C$27,IF(G19=25,KILOMETRAJE!C$28,IF(G19=26,KILOMETRAJE!C$29,IF(G19=27,KILOMETRAJE!C$30,IF(G19=28,KILOMETRAJE!C$31,IF(G19=29,KILOMETRAJE!C$32,IF(G19=30,KILOMETRAJE!C$33,IF(G19=31,KILOMETRAJE!C$34,IF(G19=32,KILOMETRAJE!C$35,IF(G19=33,KILOMETRAJE!C$36,IF(G19=34,KILOMETRAJE!C$37,IF(G19=35,KILOMETRAJE!C$38,IF(G19=36,KILOMETRAJE!C$39,IF(G19=37,KILOMETRAJE!C$40,IF(G19=38,KILOMETRAJE!C$41,IF(G19=39,KILOMETRAJE!C$42,IF(G19=40,KILOMETRAJE!C$43,IF(G19=41,KILOMETRAJE!C$44,IF(G19=42,KILOMETRAJE!C$45,IF(G19=43,KILOMETRAJE!C$46,IF(G19=44,KILOMETRAJE!C$47,IF(G19=45,KILOMETRAJE!C$48,IF(G19=46,KILOMETRAJE!C$49,IF(G19=47,KILOMETRAJE!C$50,IF(G19=48,KILOMETRAJE!C$51,IF(G19=49,KILOMETRAJE!C$52,IF(G19=50,KILOMETRAJE!C$53,IF(G19=51,KILOMETRAJE!C$54,IF(G19=52,KILOMETRAJE!C$55,IF(G19=53,KILOMETRAJE!C$56,IF(G19=54,KILOMETRAJE!C$57,IF(G19=55,KILOMETRAJE!C$58,IF(G19=56,KILOMETRAJE!C$59,IF(G19=57,KILOMETRAJE!C$60,IF(G19=58,KILOMETRAJE!C$61,IF(G19=59,KILOMETRAJE!C$62,IF(G19=60,KILOMETRAJE!C$63,IF(G19=61,KILOMETRAJE!C$64,IF(G19=62,KILOMETRAJE!C$65,IF(G19=63,KILOMETRAJE!C$66))))))))))))))))))))))))))))))))))))))))))))))))))))))))))))))) -> JRZ | I19: =IF(G19=1,KILOMETRAJE!E$4,IF(G19=2,KILOMETRAJE!E$5,IF(G19=3,KILOMETRAJE!E$6,IF(G19=4,KILOMETRAJE!E$7,IF(G19=5,KILOMETRAJE!E$8,IF(G19=6,KILOMETRAJE!E$9,IF(G19=7,KILOMETRAJE!E$10,IF(G19=8,KILOMETRAJE!E$11,IF(G19=9,KILOMETRAJE!E$12,IF(G19=10,KILOMETRAJE!E$13,IF(G19=11,KILOMETRAJE!E$14,IF(G19=12,KILOMETRAJE!E$15,IF(G19=13,KILOMETRAJE!E$16,IF(G19=14,KILOMETRAJE!E$17,IF(G19=15,KILOMETRAJE!E$18,IF(G19=16,KILOMETRAJE!E$19,IF(G19=17,KILOMETRAJE!E$20,IF(G19=18,KILOMETRAJE!E$21,IF(G19=19,KILOMETRAJE!E$22,IF(G19=20,KILOMETRAJE!E$23,IF(G19=21,KILOMETRAJE!E$24,IF(G19=22,KILOMETRAJE!E$25,IF(G19=23,KILOMETRAJE!E$26,IF(G19=24,KILOMETRAJE!E$27,IF(G19=25,KILOMETRAJE!E$28,IF(G19=26,KILOMETRAJE!E$29,IF(G19=27,KILOMETRAJE!E$30,IF(G19=28,KILOMETRAJE!E$31,IF(G19=29,KILOMETRAJE!E$32,IF(G19=30,KILOMETRAJE!E$33,IF(G19=31,KILOMETRAJE!E$34,IF(G19=32,KILOMETRAJE!E$35,IF(G19=33,KILOMETRAJE!E$36,IF(G19=34,KILOMETRAJE!E$37,IF(G19=35,KILOMETRAJE!E$38,IF(G19=36,KILOMETRAJE!E$39,IF(G19=37,KILOMETRAJE!E$40,IF(G19=38,KILOMETRAJE!E$41,IF(G19=39,KILOMETRAJE!E$42,IF(G19=40,KILOMETRAJE!E$43,IF(G19=41,KILOMETRAJE!E$44,IF(G19=42,KILOMETRAJE!E$45,IF(G19=43,KILOMETRAJE!E$46,IF(G19=44,KILOMETRAJE!E$47,IF(G19=45,KILOMETRAJE!E$48,IF(G19=46,KILOMETRAJE!E$49,IF(G19=47,KILOMETRAJE!E$50,IF(G19=48,KILOMETRAJE!E$51,IF(G19=49,KILOMETRAJE!E$52,IF(G19=50,KILOMETRAJE!E$53,IF(G19=51,KILOMETRAJE!E$54,IF(G19=52,KILOMETRAJE!E$55,IF(G19=53,KILOMETRAJE!E$56,IF(G19=54,KILOMETRAJE!E$57,IF(G19=55,KILOMETRAJE!E$58,IF(G19=56,KILOMETRAJE!E$59,IF(G19=57,KILOMETRAJE!E$60,IF(G19=58,KILOMETRAJE!E$61,IF(G19=59,KILOMETRAJE!E$62,IF(G19=60,KILOMETRAJE!E$63,IF(G19=61,KILOMETRAJE!E$64,IF(G19=62,KILOMETRAJE!E$65,IF(G19=63,KILOMETRAJE!E$66))))))))))))))))))))))))))))))))))))))))))))))))))))))))))))))) -> CHIH. (FOKKER) | J19: =IF(G19=1,KILOMETRAJE!G$4,IF(G19=2,KILOMETRAJE!G$5,IF(G19=3,KILOMETRAJE!G$6,IF(G19=4,KILOMETRAJE!G$7,IF(G19=5,KILOMETRAJE!G$8,IF(G19=6,KILOMETRAJE!G$9,IF(G19=7,KILOMETRAJE!G$10,IF(G19=8,KILOMETRAJE!G$11,IF(G19=9,KILOMETRAJE!G$12,IF(G19=10,KILOMETRAJE!G$13,IF(G19=11,KILOMETRAJE!G$14,IF(G19=12,KILOMETRAJE!G$15,IF(G19=13,KILOMETRAJE!G$16,IF(G19=14,KILOMETRAJE!G$17,IF(G19=15,KILOMETRAJE!G$18,IF(G19=16,KILOMETRAJE!G$19,IF(G19=17,KILOMETRAJE!G$20,IF(G19=18,KILOMETRAJE!G$21,IF(G19=19,KILOMETRAJE!G$22,IF(G19=20,KILOMETRAJE!G$23,IF(G19=21,KILOMETRAJE!G$24,IF(G19=22,KILOMETRAJE!G$25,IF(G19=23,KILOMETRAJE!G$26,IF(G19=24,KILOMETRAJE!G$27,IF(G19=25,KILOMETRAJE!G$28,IF(G19=26,KILOMETRAJE!G$29,IF(G19=27,KILOMETRAJE!G$30,IF(G19=28,KILOMETRAJE!G$31,IF(G19=29,KILOMETRAJE!G$32,IF(G19=30,KILOMETRAJE!G$33,IF(G19=31,KILOMETRAJE!G$34,IF(G19=32,KILOMETRAJE!G$35,IF(G19=33,KILOMETRAJE!G$36,IF(G19=34,KILOMETRAJE!G$37,IF(G19=35,KILOMETRAJE!G$38,IF(G19=36,KILOMETRAJE!G$39,IF(G19=37,KILOMETRAJE!G$40,IF(G19=38,KILOMETRAJE!G$41,IF(G19=39,KILOMETRAJE!G$42,IF(G19=40,KILOMETRAJE!G$43,IF(G19=41,KILOMETRAJE!G$44,IF(G19=42,KILOMETRAJE!G$45,IF(G19=43,KILOMETRAJE!G$46,IF(G19=44,KILOMETRAJE!G$47,IF(G19=45,KILOMETRAJE!G$48,IF(G19=46,KILOMETRAJE!G$49,IF(G19=47,KILOMETRAJE!G$50,IF(G19=48,KILOMETRAJE!G$51,IF(G19=49,KILOMETRAJE!G$52,IF(G19=50,KILOMETRAJE!G$53,IF(G19=51,KILOMETRAJE!G$54,IF(G19=52,KILOMETRAJE!G$55,IF(G19=53,KILOMETRAJE!G$56,IF(G19=54,KILOMETRAJE!G$57,IF(G19=55,KILOMETRAJE!G$58,IF(G19=56,KILOMETRAJE!G$59,IF(G19=57,KILOMETRAJE!G$60,IF(G19=58,KILOMETRAJE!G$61,IF(G19=59,KILOMETRAJE!G$62,IF(G19=60,KILOMETRAJE!G$63,IF(G19=61,KILOMETRAJE!G$64,IF(G19=62,KILOMETRAJE!G$65,IF(G19=63,KILOMETRAJE!G$66))))))))))))))))))))))))))))))))))))))))))))))))))))))))))))))) -> 425 | M19: 5918.9 | N19: 5 | O19: BS53008 | P19: SAFRAN | Q19: =((((IF(N19=1,((J19)*0.29333)))+(IF(N19=2,((J19)*0.146666)))+(IF(N19=3,((J19)*0.146666)))))+(IF(N19=4,((J19-40)*0.29333)))+(IF(N19=5,((J19-50)*0.29333)))+(IF(N19=6,((J19-90)*0.29333)))) -> 109.99875 | U19: 60 | V19: 60
B20: QMS | D20: 2872146-3 | E20: 45927 | F20: 45927 | G20: 3 | H20: =IF(G20=1,KILOMETRAJE!C$4,IF(G20=2,KILOMETRAJE!C$5,IF(G20=3,KILOMETRAJE!C$6,IF(G20=4,KILOMETRAJE!C$7,IF(G20=5,KILOMETRAJE!C$8,IF(G20=6,KILOMETRAJE!C$9,IF(G20=7,KILOMETRAJE!C$10,IF(G20=8,KILOMETRAJE!C$11,IF(G20=9,KILOMETRAJE!C$12,IF(G20=10,KILOMETRAJE!C$13,IF(G20=11,KILOMETRAJE!C$14,IF(G20=12,KILOMETRAJE!C$15,IF(G20=13,KILOMETRAJE!C$16,IF(G20=14,KILOMETRAJE!C$17,IF(G20=15,KILOMETRAJE!C$18,IF(G20=16,KILOMETRAJE!C$19,IF(G20=17,KILOMETRAJE!C$20,IF(G20=18,KILOMETRAJE!C$21,IF(G20=19,KILOMETRAJE!C$22,IF(G20=20,KILOMETRAJE!C$23,IF(G20=21,KILOMETRAJE!C$24,IF(G20=22,KILOMETRAJE!C$25,IF(G20=23,KILOMETRAJE!C$26,IF(G20=24,KILOMETRAJE!C$27,IF(G20=25,KILOMETRAJE!C$28,IF(G20=26,KILOMETRAJE!C$29,IF(G20=27,KILOMETRAJE!C$30,IF(G20=28,KILOMETRAJE!C$31,IF(G20=29,KILOMETRAJE!C$32,IF(G20=30,KILOMETRAJE!C$33,IF(G20=31,KILOMETRAJE!C$34,IF(G20=32,KILOMETRAJE!C$35,IF(G20=33,KILOMETRAJE!C$36,IF(G20=34,KILOMETRAJE!C$37,IF(G20=35,KILOMETRAJE!C$38,IF(G20=36,KILOMETRAJE!C$39,IF(G20=37,KILOMETRAJE!C$40,IF(G20=38,KILOMETRAJE!C$41,IF(G20=39,KILOMETRAJE!C$42,IF(G20=40,KILOMETRAJE!C$43,IF(G20=41,KILOMETRAJE!C$44,IF(G20=42,KILOMETRAJE!C$45,IF(G20=43,KILOMETRAJE!C$46,IF(G20=44,KILOMETRAJE!C$47,IF(G20=45,KILOMETRAJE!C$48,IF(G20=46,KILOMETRAJE!C$49,IF(G20=47,KILOMETRAJE!C$50,IF(G20=48,KILOMETRAJE!C$51,IF(G20=49,KILOMETRAJE!C$52,IF(G20=50,KILOMETRAJE!C$53,IF(G20=51,KILOMETRAJE!C$54,IF(G20=52,KILOMETRAJE!C$55,IF(G20=53,KILOMETRAJE!C$56,IF(G20=54,KILOMETRAJE!C$57,IF(G20=55,KILOMETRAJE!C$58,IF(G20=56,KILOMETRAJE!C$59,IF(G20=57,KILOMETRAJE!C$60,IF(G20=58,KILOMETRAJE!C$61,IF(G20=59,KILOMETRAJE!C$62,IF(G20=60,KILOMETRAJE!C$63,IF(G20=61,KILOMETRAJE!C$64,IF(G20=62,KILOMETRAJE!C$65,IF(G20=63,KILOMETRAJE!C$66))))))))))))))))))))))))))))))))))))))))))))))))))))))))))))))) -> CHIH. | I20: =IF(G20=1,KILOMETRAJE!E$4,IF(G20=2,KILOMETRAJE!E$5,IF(G20=3,KILOMETRAJE!E$6,IF(G20=4,KILOMETRAJE!E$7,IF(G20=5,KILOMETRAJE!E$8,IF(G20=6,KILOMETRAJE!E$9,IF(G20=7,KILOMETRAJE!E$10,IF(G20=8,KILOMETRAJE!E$11,IF(G20=9,KILOMETRAJE!E$12,IF(G20=10,KILOMETRAJE!E$13,IF(G20=11,KILOMETRAJE!E$14,IF(G20=12,KILOMETRAJE!E$15,IF(G20=13,KILOMETRAJE!E$16,IF(G20=14,KILOMETRAJE!E$17,IF(G20=15,KILOMETRAJE!E$18,IF(G20=16,KILOMETRAJE!E$19,IF(G20=17,KILOMETRAJE!E$20,IF(G20=18,KILOMETRAJE!E$21,IF(G20=19,KILOMETRAJE!E$22,IF(G20=20,KILOMETRAJE!E$23,IF(G20=21,KILOMETRAJE!E$24,IF(G20=22,KILOMETRAJE!E$25,IF(G20=23,KILOMETRAJE!E$26,IF(G20=24,KILOMETRAJE!E$27,IF(G20=25,KILOMETRAJE!E$28,IF(G20=26,KILOMETRAJE!E$29,IF(G20=27,KILOMETRAJE!E$30,IF(G20=28,KILOMETRAJE!E$31,IF(G20=29,KILOMETRAJE!E$32,IF(G20=30,KILOMETRAJE!E$33,IF(G20=31,KILOMETRAJE!E$34,IF(G20=32,KILOMETRAJE!E$35,IF(G20=33,KILOMETRAJE!E$36,IF(G20=34,KILOMETRAJE!E$37,IF(G20=35,KILOMETRAJE!E$38,IF(G20=36,KILOMETRAJE!E$39,IF(G20=37,KILOMETRAJE!E$40,IF(G20=38,KILOMETRAJE!E$41,IF(G20=39,KILOMETRAJE!E$42,IF(G20=40,KILOMETRAJE!E$43,IF(G20=41,KILOMETRAJE!E$44,IF(G20=42,KILOMETRAJE!E$45,IF(G20=43,KILOMETRAJE!E$46,IF(G20=44,KILOMETRAJE!E$47,IF(G20=45,KILOMETRAJE!E$48,IF(G20=46,KILOMETRAJE!E$49,IF(G20=47,KILOMETRAJE!E$50,IF(G20=48,KILOMETRAJE!E$51,IF(G20=49,KILOMETRAJE!E$52,IF(G20=50,KILOMETRAJE!E$53,IF(G20=51,KILOMETRAJE!E$54,IF(G20=52,KILOMETRAJE!E$55,IF(G20=53,KILOMETRAJE!E$56,IF(G20=54,KILOMETRAJE!E$57,IF(G20=55,KILOMETRAJE!E$58,IF(G20=56,KILOMETRAJE!E$59,IF(G20=57,KILOMETRAJE!E$60,IF(G20=58,KILOMETRAJE!E$61,IF(G20=59,KILOMETRAJE!E$62,IF(G20=60,KILOMETRAJE!E$63,IF(G20=61,KILOMETRAJE!E$64,IF(G20=62,KILOMETRAJE!E$65,IF(G20=63,KILOMETRAJE!E$66))))))))))))))))))))))))))))))))))))))))))))))))))))))))))))))) -> JRZ | J20: =IF(G20=1,KILOMETRAJE!G$4,IF(G20=2,KILOMETRAJE!G$5,IF(G20=3,KILOMETRAJE!G$6,IF(G20=4,KILOMETRAJE!G$7,IF(G20=5,KILOMETRAJE!G$8,IF(G20=6,KILOMETRAJE!G$9,IF(G20=7,KILOMETRAJE!G$10,IF(G20=8,KILOMETRAJE!G$11,IF(G20=9,KILOMETRAJE!G$12,IF(G20=10,KILOMETRAJE!G$13,IF(G20=11,KILOMETRAJE!G$14,IF(G20=12,KILOMETRAJE!G$15,IF(G20=13,KILOMETRAJE!G$16,IF(G20=14,KILOMETRAJE!G$17,IF(G20=15,KILOMETRAJE!G$18,IF(G20=16,KILOMETRAJE!G$19,IF(G20=17,KILOMETRAJE!G$20,IF(G20=18,KILOMETRAJE!G$21,IF(G20=19,KILOMETRAJE!G$22,IF(G20=20,KILOMETRAJE!G$23,IF(G20=21,KILOMETRAJE!G$24,IF(G20=22,KILOMETRAJE!G$25,IF(G20=23,KILOMETRAJE!G$26,IF(G20=24,KILOMETRAJE!G$27,IF(G20=25,KILOMETRAJE!G$28,IF(G20=26,KILOMETRAJE!G$29,IF(G20=27,KILOMETRAJE!G$30,IF(G20=28,KILOMETRAJE!G$31,IF(G20=29,KILOMETRAJE!G$32,IF(G20=30,KILOMETRAJE!G$33,IF(G20=31,KILOMETRAJE!G$34,IF(G20=32,KILOMETRAJE!G$35,IF(G20=33,KILOMETRAJE!G$36,IF(G20=34,KILOMETRAJE!G$37,IF(G20=35,KILOMETRAJE!G$38,IF(G20=36,KILOMETRAJE!G$39,IF(G20=37,KILOMETRAJE!G$40,IF(G20=38,KILOMETRAJE!G$41,IF(G20=39,KILOMETRAJE!G$42,IF(G20=40,KILOMETRAJE!G$43,IF(G20=41,KILOMETRAJE!G$44,IF(G20=42,KILOMETRAJE!G$45,IF(G20=43,KILOMETRAJE!G$46,IF(G20=44,KILOMETRAJE!G$47,IF(G20=45,KILOMETRAJE!G$48,IF(G20=46,KILOMETRAJE!G$49,IF(G20=47,KILOMETRAJE!G$50,IF(G20=48,KILOMETRAJE!G$51,IF(G20=49,KILOMETRAJE!G$52,IF(G20=50,KILOMETRAJE!G$53,IF(G20=51,KILOMETRAJE!G$54,IF(G20=52,KILOMETRAJE!G$55,IF(G20=53,KILOMETRAJE!G$56,IF(G20=54,KILOMETRAJE!G$57,IF(G20=55,KILOMETRAJE!G$58,IF(G20=56,KILOMETRAJE!G$59,IF(G20=57,KILOMETRAJE!G$60,IF(G20=58,KILOMETRAJE!G$61,IF(G20=59,KILOMETRAJE!G$62,IF(G20=60,KILOMETRAJE!G$63,IF(G20=61,KILOMETRAJE!G$64,IF(G20=62,KILOMETRAJE!G$65,IF(G20=63,KILOMETRAJE!G$66))))))))))))))))))))))))))))))))))))))))))))))))))))))))))))))) -> 375 | K20: 219.95 | L20: =SUM(J19:J20)/K20 -> 3.6371903 | M20: 3915 | N20: 1 | O20: FSM53919 | P20: SAFRAN | Q20: =((((IF(N20=1,((J20)*0.29333)))+(IF(N20=2,((J20)*0.146666)))+(IF(N20=3,((J20)*0.146666)))))+(IF(N20=4,((J20-40)*0.29333)))+(IF(N20=5,((J20-50)*0.29333)))+(IF(N20=6,((J20-90)*0.29333)))) -> 109.99875 | R20: =+LOOKUP(P40,UNIDADES!B$3:B$59,UNIDADES!C$3:C$59) -> 2.45098 | S20: =+((SUM(J19:J20))/R20)-K20 -> 106.45005 | T20: =+S20*14.85 -> 1580.7833 | U20: NA | V20: NA
C21: 45885 | D21: 2872532-3 | E21: 45929 | F21: 45930 | G21: 2 | H21: =IF(G21=1,KILOMETRAJE!C$4,IF(G21=2,KILOMETRAJE!C$5,IF(G21=3,KILOMETRAJE!C$6,IF(G21=4,KILOMETRAJE!C$7,IF(G21=5,KILOMETRAJE!C$8,IF(G21=6,KILOMETRAJE!C$9,IF(G21=7,KILOMETRAJE!C$10,IF(G21=8,KILOMETRAJE!C$11,IF(G21=9,KILOMETRAJE!C$12,IF(G21=10,KILOMETRAJE!C$13,IF(G21=11,KILOMETRAJE!C$14,IF(G21=12,KILOMETRAJE!C$15,IF(G21=13,KILOMETRAJE!C$16,IF(G21=14,KILOMETRAJE!C$17,IF(G21=15,KILOMETRAJE!C$18,IF(G21=16,KILOMETRAJE!C$19,IF(G21=17,KILOMETRAJE!C$20,IF(G21=18,KILOMETRAJE!C$21,IF(G21=19,KILOMETRAJE!C$22,IF(G21=20,KILOMETRAJE!C$23,IF(G21=21,KILOMETRAJE!C$24,IF(G21=22,KILOMETRAJE!C$25,IF(G21=23,KILOMETRAJE!C$26,IF(G21=24,KILOMETRAJE!C$27,IF(G21=25,KILOMETRAJE!C$28,IF(G21=26,KILOMETRAJE!C$29,IF(G21=27,KILOMETRAJE!C$30,IF(G21=28,KILOMETRAJE!C$31,IF(G21=29,KILOMETRAJE!C$32,IF(G21=30,KILOMETRAJE!C$33,IF(G21=31,KILOMETRAJE!C$34,IF(G21=32,KILOMETRAJE!C$35,IF(G21=33,KILOMETRAJE!C$36,IF(G21=34,KILOMETRAJE!C$37,IF(G21=35,KILOMETRAJE!C$38,IF(G21=36,KILOMETRAJE!C$39,IF(G21=37,KILOMETRAJE!C$40,IF(G21=38,KILOMETRAJE!C$41,IF(G21=39,KILOMETRAJE!C$42,IF(G21=40,KILOMETRAJE!C$43,IF(G21=41,KILOMETRAJE!C$44,IF(G21=42,KILOMETRAJE!C$45,IF(G21=43,KILOMETRAJE!C$46,IF(G21=44,KILOMETRAJE!C$47,IF(G21=45,KILOMETRAJE!C$48,IF(G21=46,KILOMETRAJE!C$49,IF(G21=47,KILOMETRAJE!C$50,IF(G21=48,KILOMETRAJE!C$51,IF(G21=49,KILOMETRAJE!C$52,IF(G21=50,KILOMETRAJE!C$53,IF(G21=51,KILOMETRAJE!C$54,IF(G21=52,KILOMETRAJE!C$55,IF(G21=53,KILOMETRAJE!C$56,IF(G21=54,KILOMETRAJE!C$57,IF(G21=55,KILOMETRAJE!C$58,IF(G21=56,KILOMETRAJE!C$59,IF(G21=57,KILOMETRAJE!C$60,IF(G21=58,KILOMETRAJE!C$61,IF(G21=59,KILOMETRAJE!C$62,IF(G21=60,KILOMETRAJE!C$63,IF(G21=61,KILOMETRAJE!C$64,IF(G21=62,KILOMETRAJE!C$65,IF(G21=63,KILOMETRAJE!C$66))))))))))))))))))))))))))))))))))))))))))))))))))))))))))))))) -> JRZ | I21: =IF(G21=1,KILOMETRAJE!E$4,IF(G21=2,KILOMETRAJE!E$5,IF(G21=3,KILOMETRAJE!E$6,IF(G21=4,KILOMETRAJE!E$7,IF(G21=5,KILOMETRAJE!E$8,IF(G21=6,KILOMETRAJE!E$9,IF(G21=7,KILOMETRAJE!E$10,IF(G21=8,KILOMETRAJE!E$11,IF(G21=9,KILOMETRAJE!E$12,IF(G21=10,KILOMETRAJE!E$13,IF(G21=11,KILOMETRAJE!E$14,IF(G21=12,KILOMETRAJE!E$15,IF(G21=13,KILOMETRAJE!E$16,IF(G21=14,KILOMETRAJE!E$17,IF(G21=15,KILOMETRAJE!E$18,IF(G21=16,KILOMETRAJE!E$19,IF(G21=17,KILOMETRAJE!E$20,IF(G21=18,KILOMETRAJE!E$21,IF(G21=19,KILOMETRAJE!E$22,IF(G21=20,KILOMETRAJE!E$23,IF(G21=21,KILOMETRAJE!E$24,IF(G21=22,KILOMETRAJE!E$25,IF(G21=23,KILOMETRAJE!E$26,IF(G21=24,KILOMETRAJE!E$27,IF(G21=25,KILOMETRAJE!E$28,IF(G21=26,KILOMETRAJE!E$29,IF(G21=27,KILOMETRAJE!E$30,IF(G21=28,KILOMETRAJE!E$31,IF(G21=29,KILOMETRAJE!E$32,IF(G21=30,KILOMETRAJE!E$33,IF(G21=31,KILOMETRAJE!E$34,IF(G21=32,KILOMETRAJE!E$35,IF(G21=33,KILOMETRAJE!E$36,IF(G21=34,KILOMETRAJE!E$37,IF(G21=35,KILOMETRAJE!E$38,IF(G21=36,KILOMETRAJE!E$39,IF(G21=37,KILOMETRAJE!E$40,IF(G21=38,KILOMETRAJE!E$41,IF(G21=39,KILOMETRAJE!E$42,IF(G21=40,KILOMETRAJE!E$43,IF(G21=41,KILOMETRAJE!E$44,IF(G21=42,KILOMETRAJE!E$45,IF(G21=43,KILOMETRAJE!E$46,IF(G21=44,KILOMETRAJE!E$47,IF(G21=45,KILOMETRAJE!E$48,IF(G21=46,KILOMETRAJE!E$49,IF(G21=47,KILOMETRAJE!E$50,IF(G21=48,KILOMETRAJE!E$51,IF(G21=49,KILOMETRAJE!E$52,IF(G21=50,KILOMETRAJE!E$53,IF(G21=51,KILOMETRAJE!E$54,IF(G21=52,KILOMETRAJE!E$55,IF(G21=53,KILOMETRAJE!E$56,IF(G21=54,KILOMETRAJE!E$57,IF(G21=55,KILOMETRAJE!E$58,IF(G21=56,KILOMETRAJE!E$59,IF(G21=57,KILOMETRAJE!E$60,IF(G21=58,KILOMETRAJE!E$61,IF(G21=59,KILOMETRAJE!E$62,IF(G21=60,KILOMETRAJE!E$63,IF(G21=61,KILOMETRAJE!E$64,IF(G21=62,KILOMETRAJE!E$65,IF(G21=63,KILOMETRAJE!E$66))))))))))))))))))))))))))))))))))))))))))))))))))))))))))))))) -> CHIH. | J21: =IF(G21=1,KILOMETRAJE!G$4,IF(G21=2,KILOMETRAJE!G$5,IF(G21=3,KILOMETRAJE!G$6,IF(G21=4,KILOMETRAJE!G$7,IF(G21=5,KILOMETRAJE!G$8,IF(G21=6,KILOMETRAJE!G$9,IF(G21=7,KILOMETRAJE!G$10,IF(G21=8,KILOMETRAJE!G$11,IF(G21=9,KILOMETRAJE!G$12,IF(G21=10,KILOMETRAJE!G$13,IF(G21=11,KILOMETRAJE!G$14,IF(G21=12,KILOMETRAJE!G$15,IF(G21=13,KILOMETRAJE!G$16,IF(G21=14,KILOMETRAJE!G$17,IF(G21=15,KILOMETRAJE!G$18,IF(G21=16,KILOMETRAJE!G$19,IF(G21=17,KILOMETRAJE!G$20,IF(G21=18,KILOMETRAJE!G$21,IF(G21=19,KILOMETRAJE!G$22,IF(G21=20,KILOMETRAJE!G$23,IF(G21=21,KILOMETRAJE!G$24,IF(G21=22,KILOMETRAJE!G$25,IF(G21=23,KILOMETRAJE!G$26,IF(G21=24,KILOMETRAJE!G$27,IF(G21=25,KILOMETRAJE!G$28,IF(G21=26,KILOMETRAJE!G$29,IF(G21=27,KILOMETRAJE!G$30,IF(G21=28,KILOMETRAJE!G$31,IF(G21=29,KILOMETRAJE!G$32,IF(G21=30,KILOMETRAJE!G$33,IF(G21=31,KILOMETRAJE!G$34,IF(G21=32,KILOMETRAJE!G$35,IF(G21=33,KILOMETRAJE!G$36,IF(G21=34,KILOMETRAJE!G$37,IF(G21=35,KILOMETRAJE!G$38,IF(G21=36,KILOMETRAJE!G$39,IF(G21=37,KILOMETRAJE!G$40,IF(G21=38,KILOMETRAJE!G$41,IF(G21=39,KILOMETRAJE!G$42,IF(G21=40,KILOMETRAJE!G$43,IF(G21=41,KILOMETRAJE!G$44,IF(G21=42,KILOMETRAJE!G$45,IF(G21=43,KILOMETRAJE!G$46,IF(G21=44,KILOMETRAJE!G$47,IF(G21=45,KILOMETRAJE!G$48,IF(G21=46,KILOMETRAJE!G$49,IF(G21=47,KILOMETRAJE!G$50,IF(G21=48,KILOMETRAJE!G$51,IF(G21=49,KILOMETRAJE!G$52,IF(G21=50,KILOMETRAJE!G$53,IF(G21=51,KILOMETRAJE!G$54,IF(G21=52,KILOMETRAJE!G$55,IF(G21=53,KILOMETRAJE!G$56,IF(G21=54,KILOMETRAJE!G$57,IF(G21=55,KILOMETRAJE!G$58,IF(G21=56,KILOMETRAJE!G$59,IF(G21=57,KILOMETRAJE!G$60,IF(G21=58,KILOMETRAJE!G$61,IF(G21=59,KILOMETRAJE!G$62,IF(G21=60,KILOMETRAJE!G$63,IF(G21=61,KILOMETRAJE!G$64,IF(G21=62,KILOMETRAJE!G$65,IF(G21=63,KILOMETRAJE!G$66))))))))))))))))))))))))))))))))))))))))))))))))))))))))))))))) -> 375 | M21: 3740.781 | N21: 1 | O21: BS35088 | P21: SMTC | Q21: =((((IF(N21=1,((J21)*0.29333)))+(IF(N21=2,((J21)*0.146666)))+(IF(N21=3,((J21)*0.146666)))))+(IF(N21=4,((J21-40)*0.29333)))+(IF(N21=5,((J21-50)*0.29333)))+(IF(N21=6,((J21-90)*0.29333)))) -> 109.99875 | U21: 60 | V21: 60
B22: QMS | D22: 2872472-3 | E22: 45930 | F22: 45930 | G22: 3 | H22: =IF(G22=1,KILOMETRAJE!C$4,IF(G22=2,KILOMETRAJE!C$5,IF(G22=3,KILOMETRAJE!C$6,IF(G22=4,KILOMETRAJE!C$7,IF(G22=5,KILOMETRAJE!C$8,IF(G22=6,KILOMETRAJE!C$9,IF(G22=7,KILOMETRAJE!C$10,IF(G22=8,KILOMETRAJE!C$11,IF(G22=9,KILOMETRAJE!C$12,IF(G22=10,KILOMETRAJE!C$13,IF(G22=11,KILOMETRAJE!C$14,IF(G22=12,KILOMETRAJE!C$15,IF(G22=13,KILOMETRAJE!C$16,IF(G22=14,KILOMETRAJE!C$17,IF(G22=15,KILOMETRAJE!C$18,IF(G22=16,KILOMETRAJE!C$19,IF(G22=17,KILOMETRAJE!C$20,IF(G22=18,KILOMETRAJE!C$21,IF(G22=19,KILOMETRAJE!C$22,IF(G22=20,KILOMETRAJE!C$23,IF(G22=21,KILOMETRAJE!C$24,IF(G22=22,KILOMETRAJE!C$25,IF(G22=23,KILOMETRAJE!C$26,IF(G22=24,KILOMETRAJE!C$27,IF(G22=25,KILOMETRAJE!C$28,IF(G22=26,KILOMETRAJE!C$29,IF(G22=27,KILOMETRAJE!C$30,IF(G22=28,KILOMETRAJE!C$31,IF(G22=29,KILOMETRAJE!C$32,IF(G22=30,KILOMETRAJE!C$33,IF(G22=31,KILOMETRAJE!C$34,IF(G22=32,KILOMETRAJE!C$35,IF(G22=33,KILOMETRAJE!C$36,IF(G22=34,KILOMETRAJE!C$37,IF(G22=35,KILOMETRAJE!C$38,IF(G22=36,KILOMETRAJE!C$39,IF(G22=37,KILOMETRAJE!C$40,IF(G22=38,KILOMETRAJE!C$41,IF(G22=39,KILOMETRAJE!C$42,IF(G22=40,KILOMETRAJE!C$43,IF(G22=41,KILOMETRAJE!C$44,IF(G22=42,KILOMETRAJE!C$45,IF(G22=43,KILOMETRAJE!C$46,IF(G22=44,KILOMETRAJE!C$47,IF(G22=45,KILOMETRAJE!C$48,IF(G22=46,KILOMETRAJE!C$49,IF(G22=47,KILOMETRAJE!C$50,IF(G22=48,KILOMETRAJE!C$51,IF(G22=49,KILOMETRAJE!C$52,IF(G22=50,KILOMETRAJE!C$53,IF(G22=51,KILOMETRAJE!C$54,IF(G22=52,KILOMETRAJE!C$55,IF(G22=53,KILOMETRAJE!C$56,IF(G22=54,KILOMETRAJE!C$57,IF(G22=55,KILOMETRAJE!C$58,IF(G22=56,KILOMETRAJE!C$59,IF(G22=57,KILOMETRAJE!C$60,IF(G22=58,KILOMETRAJE!C$61,IF(G22=59,KILOMETRAJE!C$62,IF(G22=60,KILOMETRAJE!C$63,IF(G22=61,KILOMETRAJE!C$64,IF(G22=62,KILOMETRAJE!C$65,IF(G22=63,KILOMETRAJE!C$66))))))))))))))))))))))))))))))))))))))))))))))))))))))))))))))) -> CHIH. | I22: =IF(G22=1,KILOMETRAJE!E$4,IF(G22=2,KILOMETRAJE!E$5,IF(G22=3,KILOMETRAJE!E$6,IF(G22=4,KILOMETRAJE!E$7,IF(G22=5,KILOMETRAJE!E$8,IF(G22=6,KILOMETRAJE!E$9,IF(G22=7,KILOMETRAJE!E$10,IF(G22=8,KILOMETRAJE!E$11,IF(G22=9,KILOMETRAJE!E$12,IF(G22=10,KILOMETRAJE!E$13,IF(G22=11,KILOMETRAJE!E$14,IF(G22=12,KILOMETRAJE!E$15,IF(G22=13,KILOMETRAJE!E$16,IF(G22=14,KILOMETRAJE!E$17,IF(G22=15,KILOMETRAJE!E$18,IF(G22=16,KILOMETRAJE!E$19,IF(G22=17,KILOMETRAJE!E$20,IF(G22=18,KILOMETRAJE!E$21,IF(G22=19,KILOMETRAJE!E$22,IF(G22=20,KILOMETRAJE!E$23,IF(G22=21,KILOMETRAJE!E$24,IF(G22=22,KILOMETRAJE!E$25,IF(G22=23,KILOMETRAJE!E$26,IF(G22=24,KILOMETRAJE!E$27,IF(G22=25,KILOMETRAJE!E$28,IF(G22=26,KILOMETRAJE!E$29,IF(G22=27,KILOMETRAJE!E$30,IF(G22=28,KILOMETRAJE!E$31,IF(G22=29,KILOMETRAJE!E$32,IF(G22=30,KILOMETRAJE!E$33,IF(G22=31,KILOMETRAJE!E$34,IF(G22=32,KILOMETRAJE!E$35,IF(G22=33,KILOMETRAJE!E$36,IF(G22=34,KILOMETRAJE!E$37,IF(G22=35,KILOMETRAJE!E$38,IF(G22=36,KILOMETRAJE!E$39,IF(G22=37,KILOMETRAJE!E$40,IF(G22=38,KILOMETRAJE!E$41,IF(G22=39,KILOMETRAJE!E$42,IF(G22=40,KILOMETRAJE!E$43,IF(G22=41,KILOMETRAJE!E$44,IF(G22=42,KILOMETRAJE!E$45,IF(G22=43,KILOMETRAJE!E$46,IF(G22=44,KILOMETRAJE!E$47,IF(G22=45,KILOMETRAJE!E$48,IF(G22=46,KILOMETRAJE!E$49,IF(G22=47,KILOMETRAJE!E$50,IF(G22=48,KILOMETRAJE!E$51,IF(G22=49,KILOMETRAJE!E$52,IF(G22=50,KILOMETRAJE!E$53,IF(G22=51,KILOMETRAJE!E$54,IF(G22=52,KILOMETRAJE!E$55,IF(G22=53,KILOMETRAJE!E$56,IF(G22=54,KILOMETRAJE!E$57,IF(G22=55,KILOMETRAJE!E$58,IF(G22=56,KILOMETRAJE!E$59,IF(G22=57,KILOMETRAJE!E$60,IF(G22=58,KILOMETRAJE!E$61,IF(G22=59,KILOMETRAJE!E$62,IF(G22=60,KILOMETRAJE!E$63,IF(G22=61,KILOMETRAJE!E$64,IF(G22=62,KILOMETRAJE!E$65,IF(G22=63,KILOMETRAJE!E$66))))))))))))))))))))))))))))))))))))))))))))))))))))))))))))))) -> JRZ | J22: =IF(G22=1,KILOMETRAJE!G$4,IF(G22=2,KILOMETRAJE!G$5,IF(G22=3,KILOMETRAJE!G$6,IF(G22=4,KILOMETRAJE!G$7,IF(G22=5,KILOMETRAJE!G$8,IF(G22=6,KILOMETRAJE!G$9,IF(G22=7,KILOMETRAJE!G$10,IF(G22=8,KILOMETRAJE!G$11,IF(G22=9,KILOMETRAJE!G$12,IF(G22=10,KILOMETRAJE!G$13,IF(G22=11,KILOMETRAJE!G$14,IF(G22=12,KILOMETRAJE!G$15,IF(G22=13,KILOMETRAJE!G$16,IF(G22=14,KILOMETRAJE!G$17,IF(G22=15,KILOMETRAJE!G$18,IF(G22=16,KILOMETRAJE!G$19,IF(G22=17,KILOMETRAJE!G$20,IF(G22=18,KILOMETRAJE!G$21,IF(G22=19,KILOMETRAJE!G$22,IF(G22=20,KILOMETRAJE!G$23,IF(G22=21,KILOMETRAJE!G$24,IF(G22=22,KILOMETRAJE!G$25,IF(G22=23,KILOMETRAJE!G$26,IF(G22=24,KILOMETRAJE!G$27,IF(G22=25,KILOMETRAJE!G$28,IF(G22=26,KILOMETRAJE!G$29,IF(G22=27,KILOMETRAJE!G$30,IF(G22=28,KILOMETRAJE!G$31,IF(G22=29,KILOMETRAJE!G$32,IF(G22=30,KILOMETRAJE!G$33,IF(G22=31,KILOMETRAJE!G$34,IF(G22=32,KILOMETRAJE!G$35,IF(G22=33,KILOMETRAJE!G$36,IF(G22=34,KILOMETRAJE!G$37,IF(G22=35,KILOMETRAJE!G$38,IF(G22=36,KILOMETRAJE!G$39,IF(G22=37,KILOMETRAJE!G$40,IF(G22=38,KILOMETRAJE!G$41,IF(G22=39,KILOMETRAJE!G$42,IF(G22=40,KILOMETRAJE!G$43,IF(G22=41,KILOMETRAJE!G$44,IF(G22=42,KILOMETRAJE!G$45,IF(G22=43,KILOMETRAJE!G$46,IF(G22=44,KILOMETRAJE!G$47,IF(G22=45,KILOMETRAJE!G$48,IF(G22=46,KILOMETRAJE!G$49,IF(G22=47,KILOMETRAJE!G$50,IF(G22=48,KILOMETRAJE!G$51,IF(G22=49,KILOMETRAJE!G$52,IF(G22=50,KILOMETRAJE!G$53,IF(G22=51,KILOMETRAJE!G$54,IF(G22=52,KILOMETRAJE!G$55,IF(G22=53,KILOMETRAJE!G$56,IF(G22=54,KILOMETRAJE!G$57,IF(G22=55,KILOMETRAJE!G$58,IF(G22=56,KILOMETRAJE!G$59,IF(G22=57,KILOMETRAJE!G$60,IF(G22=58,KILOMETRAJE!G$61,IF(G22=59,KILOMETRAJE!G$62,IF(G22=60,KILOMETRAJE!G$63,IF(G22=61,KILOMETRAJE!G$64,IF(G22=62,KILOMETRAJE!G$65,IF(G22=63,KILOMETRAJE!G$66))))))))))))))))))))))))))))))))))))))))))))))))))))))))))))))) -> 375 | K22: 220.01 | L22: =SUM(J21:J22)/K22 -> 3.408936 | M22: 3228 | N22: 1 | O22: BM54160 | P22: SAFRAN | Q22: =((((IF(N22=1,((J22)*0.29333)))+(IF(N22=2,((J22)*0.146666)))+(IF(N22=3,((J22)*0.146666)))))+(IF(N22=4,((J22-40)*0.29333)))+(IF(N22=5,((J22-50)*0.29333)))+(IF(N22=6,((J22-90)*0.29333)))) -> 109.99875 | R22: =+LOOKUP(P41,UNIDADES!B$3:B$59,UNIDADES!C$3:C$59) -> 2.45098 | S22: =+((SUM(J21:J22))/R22)-K22 -> 85.990049 | T22: =+S22*14.85 -> 1276.9522 | U22: NA | V22: NA
B23: QMS | C23: 46315 | D23: 2873000-2 | E23: 45931 | F23: 45932 | G23: 2 | H23: =IF(G23=1,KILOMETRAJE!C$4,IF(G23=2,KILOMETRAJE!C$5,IF(G23=3,KILOMETRAJE!C$6,IF(G23=4,KILOMETRAJE!C$7,IF(G23=5,KILOMETRAJE!C$8,IF(G23=6,KILOMETRAJE!C$9,IF(G23=7,KILOMETRAJE!C$10,IF(G23=8,KILOMETRAJE!C$11,IF(G23=9,KILOMETRAJE!C$12,IF(G23=10,KILOMETRAJE!C$13,IF(G23=11,KILOMETRAJE!C$14,IF(G23=12,KILOMETRAJE!C$15,IF(G23=13,KILOMETRAJE!C$16,IF(G23=14,KILOMETRAJE!C$17,IF(G23=15,KILOMETRAJE!C$18,IF(G23=16,KILOMETRAJE!C$19,IF(G23=17,KILOMETRAJE!C$20,IF(G23=18,KILOMETRAJE!C$21,IF(G23=19,KILOMETRAJE!C$22,IF(G23=20,KILOMETRAJE!C$23,IF(G23=21,KILOMETRAJE!C$24,IF(G23=22,KILOMETRAJE!C$25,IF(G23=23,KILOMETRAJE!C$26,IF(G23=24,KILOMETRAJE!C$27,IF(G23=25,KILOMETRAJE!C$28,IF(G23=26,KILOMETRAJE!C$29,IF(G23=27,KILOMETRAJE!C$30,IF(G23=28,KILOMETRAJE!C$31,IF(G23=29,KILOMETRAJE!C$32,IF(G23=30,KILOMETRAJE!C$33,IF(G23=31,KILOMETRAJE!C$34,IF(G23=32,KILOMETRAJE!C$35,IF(G23=33,KILOMETRAJE!C$36,IF(G23=34,KILOMETRAJE!C$37,IF(G23=35,KILOMETRAJE!C$38,IF(G23=36,KILOMETRAJE!C$39,IF(G23=37,KILOMETRAJE!C$40,IF(G23=38,KILOMETRAJE!C$41,IF(G23=39,KILOMETRAJE!C$42,IF(G23=40,KILOMETRAJE!C$43,IF(G23=41,KILOMETRAJE!C$44,IF(G23=42,KILOMETRAJE!C$45,IF(G23=43,KILOMETRAJE!C$46,IF(G23=44,KILOMETRAJE!C$47,IF(G23=45,KILOMETRAJE!C$48,IF(G23=46,KILOMETRAJE!C$49,IF(G23=47,KILOMETRAJE!C$50,IF(G23=48,KILOMETRAJE!C$51,IF(G23=49,KILOMETRAJE!C$52,IF(G23=50,KILOMETRAJE!C$53,IF(G23=51,KILOMETRAJE!C$54,IF(G23=52,KILOMETRAJE!C$55,IF(G23=53,KILOMETRAJE!C$56,IF(G23=54,KILOMETRAJE!C$57,IF(G23=55,KILOMETRAJE!C$58,IF(G23=56,KILOMETRAJE!C$59,IF(G23=57,KILOMETRAJE!C$60,IF(G23=58,KILOMETRAJE!C$61,IF(G23=59,KILOMETRAJE!C$62,IF(G23=60,KILOMETRAJE!C$63,IF(G23=61,KILOMETRAJE!C$64,IF(G23=62,KILOMETRAJE!C$65,IF(G23=63,KILOMETRAJE!C$66))))))))))))))))))))))))))))))))))))))))))))))))))))))))))))))) -> JRZ | I23: =IF(G23=1,KILOMETRAJE!E$4,IF(G23=2,KILOMETRAJE!E$5,IF(G23=3,KILOMETRAJE!E$6,IF(G23=4,KILOMETRAJE!E$7,IF(G23=5,KILOMETRAJE!E$8,IF(G23=6,KILOMETRAJE!E$9,IF(G23=7,KILOMETRAJE!E$10,IF(G23=8,KILOMETRAJE!E$11,IF(G23=9,KILOMETRAJE!E$12,IF(G23=10,KILOMETRAJE!E$13,IF(G23=11,KILOMETRAJE!E$14,IF(G23=12,KILOMETRAJE!E$15,IF(G23=13,KILOMETRAJE!E$16,IF(G23=14,KILOMETRAJE!E$17,IF(G23=15,KILOMETRAJE!E$18,IF(G23=16,KILOMETRAJE!E$19,IF(G23=17,KILOMETRAJE!E$20,IF(G23=18,KILOMETRAJE!E$21,IF(G23=19,KILOMETRAJE!E$22,IF(G23=20,KILOMETRAJE!E$23,IF(G23=21,KILOMETRAJE!E$24,IF(G23=22,KILOMETRAJE!E$25,IF(G23=23,KILOMETRAJE!E$26,IF(G23=24,KILOMETRAJE!E$27,IF(G23=25,KILOMETRAJE!E$28,IF(G23=26,KILOMETRAJE!E$29,IF(G23=27,KILOMETRAJE!E$30,IF(G23=28,KILOMETRAJE!E$31,IF(G23=29,KILOMETRAJE!E$32,IF(G23=30,KILOMETRAJE!E$33,IF(G23=31,KILOMETRAJE!E$34,IF(G23=32,KILOMETRAJE!E$35,IF(G23=33,KILOMETRAJE!E$36,IF(G23=34,KILOMETRAJE!E$37,IF(G23=35,KILOMETRAJE!E$38,IF(G23=36,KILOMETRAJE!E$39,IF(G23=37,KILOMETRAJE!E$40,IF(G23=38,KILOMETRAJE!E$41,IF(G23=39,KILOMETRAJE!E$42,IF(G23=40,KILOMETRAJE!E$43,IF(G23=41,KILOMETRAJE!E$44,IF(G23=42,KILOMETRAJE!E$45,IF(G23=43,KILOMETRAJE!E$46,IF(G23=44,KILOMETRAJE!E$47,IF(G23=45,KILOMETRAJE!E$48,IF(G23=46,KILOMETRAJE!E$49,IF(G23=47,KILOMETRAJE!E$50,IF(G23=48,KILOMETRAJE!E$51,IF(G23=49,KILOMETRAJE!E$52,IF(G23=50,KILOMETRAJE!E$53,IF(G23=51,KILOMETRAJE!E$54,IF(G23=52,KILOMETRAJE!E$55,IF(G23=53,KILOMETRAJE!E$56,IF(G23=54,KILOMETRAJE!E$57,IF(G23=55,KILOMETRAJE!E$58,IF(G23=56,KILOMETRAJE!E$59,IF(G23=57,KILOMETRAJE!E$60,IF(G23=58,KILOMETRAJE!E$61,IF(G23=59,KILOMETRAJE!E$62,IF(G23=60,KILOMETRAJE!E$63,IF(G23=61,KILOMETRAJE!E$64,IF(G23=62,KILOMETRAJE!E$65,IF(G23=63,KILOMETRAJE!E$66))))))))))))))))))))))))))))))))))))))))))))))))))))))))))))))) -> CHIH. | J23: =IF(G23=1,KILOMETRAJE!G$4,IF(G23=2,KILOMETRAJE!G$5,IF(G23=3,KILOMETRAJE!G$6,IF(G23=4,KILOMETRAJE!G$7,IF(G23=5,KILOMETRAJE!G$8,IF(G23=6,KILOMETRAJE!G$9,IF(G23=7,KILOMETRAJE!G$10,IF(G23=8,KILOMETRAJE!G$11,IF(G23=9,KILOMETRAJE!G$12,IF(G23=10,KILOMETRAJE!G$13,IF(G23=11,KILOMETRAJE!G$14,IF(G23=12,KILOMETRAJE!G$15,IF(G23=13,KILOMETRAJE!G$16,IF(G23=14,KILOMETRAJE!G$17,IF(G23=15,KILOMETRAJE!G$18,IF(G23=16,KILOMETRAJE!G$19,IF(G23=17,KILOMETRAJE!G$20,IF(G23=18,KILOMETRAJE!G$21,IF(G23=19,KILOMETRAJE!G$22,IF(G23=20,KILOMETRAJE!G$23,IF(G23=21,KILOMETRAJE!G$24,IF(G23=22,KILOMETRAJE!G$25,IF(G23=23,KILOMETRAJE!G$26,IF(G23=24,KILOMETRAJE!G$27,IF(G23=25,KILOMETRAJE!G$28,IF(G23=26,KILOMETRAJE!G$29,IF(G23=27,KILOMETRAJE!G$30,IF(G23=28,KILOMETRAJE!G$31,IF(G23=29,KILOMETRAJE!G$32,IF(G23=30,KILOMETRAJE!G$33,IF(G23=31,KILOMETRAJE!G$34,IF(G23=32,KILOMETRAJE!G$35,IF(G23=33,KILOMETRAJE!G$36,IF(G23=34,KILOMETRAJE!G$37,IF(G23=35,KILOMETRAJE!G$38,IF(G23=36,KILOMETRAJE!G$39,IF(G23=37,KILOMETRAJE!G$40,IF(G23=38,KILOMETRAJE!G$41,IF(G23=39,KILOMETRAJE!G$42,IF(G23=40,KILOMETRAJE!G$43,IF(G23=41,KILOMETRAJE!G$44,IF(G23=42,KILOMETRAJE!G$45,IF(G23=43,KILOMETRAJE!G$46,IF(G23=44,KILOMETRAJE!G$47,IF(G23=45,KILOMETRAJE!G$48,IF(G23=46,KILOMETRAJE!G$49,IF(G23=47,KILOMETRAJE!G$50,IF(G23=48,KILOMETRAJE!G$51,IF(G23=49,KILOMETRAJE!G$52,IF(G23=50,KILOMETRAJE!G$53,IF(G23=51,KILOMETRAJE!G$54,IF(G23=52,KILOMETRAJE!G$55,IF(G23=53,KILOMETRAJE!G$56,IF(G23=54,KILOMETRAJE!G$57,IF(G23=55,KILOMETRAJE!G$58,IF(G23=56,KILOMETRAJE!G$59,IF(G23=57,KILOMETRAJE!G$60,IF(G23=58,KILOMETRAJE!G$61,IF(G23=59,KILOMETRAJE!G$62,IF(G23=60,KILOMETRAJE!G$63,IF(G23=61,KILOMETRAJE!G$64,IF(G23=62,KILOMETRAJE!G$65,IF(G23=63,KILOMETRAJE!G$66))))))))))))))))))))))))))))))))))))))))))))))))))))))))))))))) -> 375 | M23: 29.43 | N23: 1 | O23: FSA53041 | P23: XOMOX | Q23: =((((IF(N23=1,((J23)*0.29333)))+(IF(N23=2,((J23)*0.146666)))+(IF(N23=3,((J23)*0.146666)))))+(IF(N23=4,((J23-40)*0.29333)))+(IF(N23=5,((J23-50)*0.29333)))+(IF(N23=6,((J23-90)*0.29333)))) -> 109.99875 | U23: NA | V23: NA
B24: QMS | D24: 2872856-3 | E24: 45932 | F24: 45932 | G24: 3 | H24: =IF(G24=1,KILOMETRAJE!C$4,IF(G24=2,KILOMETRAJE!C$5,IF(G24=3,KILOMETRAJE!C$6,IF(G24=4,KILOMETRAJE!C$7,IF(G24=5,KILOMETRAJE!C$8,IF(G24=6,KILOMETRAJE!C$9,IF(G24=7,KILOMETRAJE!C$10,IF(G24=8,KILOMETRAJE!C$11,IF(G24=9,KILOMETRAJE!C$12,IF(G24=10,KILOMETRAJE!C$13,IF(G24=11,KILOMETRAJE!C$14,IF(G24=12,KILOMETRAJE!C$15,IF(G24=13,KILOMETRAJE!C$16,IF(G24=14,KILOMETRAJE!C$17,IF(G24=15,KILOMETRAJE!C$18,IF(G24=16,KILOMETRAJE!C$19,IF(G24=17,KILOMETRAJE!C$20,IF(G24=18,KILOMETRAJE!C$21,IF(G24=19,KILOMETRAJE!C$22,IF(G24=20,KILOMETRAJE!C$23,IF(G24=21,KILOMETRAJE!C$24,IF(G24=22,KILOMETRAJE!C$25,IF(G24=23,KILOMETRAJE!C$26,IF(G24=24,KILOMETRAJE!C$27,IF(G24=25,KILOMETRAJE!C$28,IF(G24=26,KILOMETRAJE!C$29,IF(G24=27,KILOMETRAJE!C$30,IF(G24=28,KILOMETRAJE!C$31,IF(G24=29,KILOMETRAJE!C$32,IF(G24=30,KILOMETRAJE!C$33,IF(G24=31,KILOMETRAJE!C$34,IF(G24=32,KILOMETRAJE!C$35,IF(G24=33,KILOMETRAJE!C$36,IF(G24=34,KILOMETRAJE!C$37,IF(G24=35,KILOMETRAJE!C$38,IF(G24=36,KILOMETRAJE!C$39,IF(G24=37,KILOMETRAJE!C$40,IF(G24=38,KILOMETRAJE!C$41,IF(G24=39,KILOMETRAJE!C$42,IF(G24=40,KILOMETRAJE!C$43,IF(G24=41,KILOMETRAJE!C$44,IF(G24=42,KILOMETRAJE!C$45,IF(G24=43,KILOMETRAJE!C$46,IF(G24=44,KILOMETRAJE!C$47,IF(G24=45,KILOMETRAJE!C$48,IF(G24=46,KILOMETRAJE!C$49,IF(G24=47,KILOMETRAJE!C$50,IF(G24=48,KILOMETRAJE!C$51,IF(G24=49,KILOMETRAJE!C$52,IF(G24=50,KILOMETRAJE!C$53,IF(G24=51,KILOMETRAJE!C$54,IF(G24=52,KILOMETRAJE!C$55,IF(G24=53,KILOMETRAJE!C$56,IF(G24=54,KILOMETRAJE!C$57,IF(G24=55,KILOMETRAJE!C$58,IF(G24=56,KILOMETRAJE!C$59,IF(G24=57,KILOMETRAJE!C$60,IF(G24=58,KILOMETRAJE!C$61,IF(G24=59,KILOMETRAJE!C$62,IF(G24=60,KILOMETRAJE!C$63,IF(G24=61,KILOMETRAJE!C$64,IF(G24=62,KILOMETRAJE!C$65,IF(G24=63,KILOMETRAJE!C$66))))))))))))))))))))))))))))))))))))))))))))))))))))))))))))))) -> CHIH. | I24: =IF(G24=1,KILOMETRAJE!E$4,IF(G24=2,KILOMETRAJE!E$5,IF(G24=3,KILOMETRAJE!E$6,IF(G24=4,KILOMETRAJE!E$7,IF(G24=5,KILOMETRAJE!E$8,IF(G24=6,KILOMETRAJE!E$9,IF(G24=7,KILOMETRAJE!E$10,IF(G24=8,KILOMETRAJE!E$11,IF(G24=9,KILOMETRAJE!E$12,IF(G24=10,KILOMETRAJE!E$13,IF(G24=11,KILOMETRAJE!E$14,IF(G24=12,KILOMETRAJE!E$15,IF(G24=13,KILOMETRAJE!E$16,IF(G24=14,KILOMETRAJE!E$17,IF(G24=15,KILOMETRAJE!E$18,IF(G24=16,KILOMETRAJE!E$19,IF(G24=17,KILOMETRAJE!E$20,IF(G24=18,KILOMETRAJE!E$21,IF(G24=19,KILOMETRAJE!E$22,IF(G24=20,KILOMETRAJE!E$23,IF(G24=21,KILOMETRAJE!E$24,IF(G24=22,KILOMETRAJE!E$25,IF(G24=23,KILOMETRAJE!E$26,IF(G24=24,KILOMETRAJE!E$27,IF(G24=25,KILOMETRAJE!E$28,IF(G24=26,KILOMETRAJE!E$29,IF(G24=27,KILOMETRAJE!E$30,IF(G24=28,KILOMETRAJE!E$31,IF(G24=29,KILOMETRAJE!E$32,IF(G24=30,KILOMETRAJE!E$33,IF(G24=31,KILOMETRAJE!E$34,IF(G24=32,KILOMETRAJE!E$35,IF(G24=33,KILOMETRAJE!E$36,IF(G24=34,KILOMETRAJE!E$37,IF(G24=35,KILOMETRAJE!E$38,IF(G24=36,KILOMETRAJE!E$39,IF(G24=37,KILOMETRAJE!E$40,IF(G24=38,KILOMETRAJE!E$41,IF(G24=39,KILOMETRAJE!E$42,IF(G24=40,KILOMETRAJE!E$43,IF(G24=41,KILOMETRAJE!E$44,IF(G24=42,KILOMETRAJE!E$45,IF(G24=43,KILOMETRAJE!E$46,IF(G24=44,KILOMETRAJE!E$47,IF(G24=45,KILOMETRAJE!E$48,IF(G24=46,KILOMETRAJE!E$49,IF(G24=47,KILOMETRAJE!E$50,IF(G24=48,KILOMETRAJE!E$51,IF(G24=49,KILOMETRAJE!E$52,IF(G24=50,KILOMETRAJE!E$53,IF(G24=51,KILOMETRAJE!E$54,IF(G24=52,KILOMETRAJE!E$55,IF(G24=53,KILOMETRAJE!E$56,IF(G24=54,KILOMETRAJE!E$57,IF(G24=55,KILOMETRAJE!E$58,IF(G24=56,KILOMETRAJE!E$59,IF(G24=57,KILOMETRAJE!E$60,IF(G24=58,KILOMETRAJE!E$61,IF(G24=59,KILOMETRAJE!E$62,IF(G24=60,KILOMETRAJE!E$63,IF(G24=61,KILOMETRAJE!E$64,IF(G24=62,KILOMETRAJE!E$65,IF(G24=63,KILOMETRAJE!E$66))))))))))))))))))))))))))))))))))))))))))))))))))))))))))))))) -> JRZ | J24: =IF(G24=1,KILOMETRAJE!G$4,IF(G24=2,KILOMETRAJE!G$5,IF(G24=3,KILOMETRAJE!G$6,IF(G24=4,KILOMETRAJE!G$7,IF(G24=5,KILOMETRAJE!G$8,IF(G24=6,KILOMETRAJE!G$9,IF(G24=7,KILOMETRAJE!G$10,IF(G24=8,KILOMETRAJE!G$11,IF(G24=9,KILOMETRAJE!G$12,IF(G24=10,KILOMETRAJE!G$13,IF(G24=11,KILOMETRAJE!G$14,IF(G24=12,KILOMETRAJE!G$15,IF(G24=13,KILOMETRAJE!G$16,IF(G24=14,KILOMETRAJE!G$17,IF(G24=15,KILOMETRAJE!G$18,IF(G24=16,KILOMETRAJE!G$19,IF(G24=17,KILOMETRAJE!G$20,IF(G24=18,KILOMETRAJE!G$21,IF(G24=19,KILOMETRAJE!G$22,IF(G24=20,KILOMETRAJE!G$23,IF(G24=21,KILOMETRAJE!G$24,IF(G24=22,KILOMETRAJE!G$25,IF(G24=23,KILOMETRAJE!G$26,IF(G24=24,KILOMETRAJE!G$27,IF(G24=25,KILOMETRAJE!G$28,IF(G24=26,KILOMETRAJE!G$29,IF(G24=27,KILOMETRAJE!G$30,IF(G24=28,KILOMETRAJE!G$31,IF(G24=29,KILOMETRAJE!G$32,IF(G24=30,KILOMETRAJE!G$33,IF(G24=31,KILOMETRAJE!G$34,IF(G24=32,KILOMETRAJE!G$35,IF(G24=33,KILOMETRAJE!G$36,IF(G24=34,KILOMETRAJE!G$37,IF(G24=35,KILOMETRAJE!G$38,IF(G24=36,KILOMETRAJE!G$39,IF(G24=37,KILOMETRAJE!G$40,IF(G24=38,KILOMETRAJE!G$41,IF(G24=39,KILOMETRAJE!G$42,IF(G24=40,KILOMETRAJE!G$43,IF(G24=41,KILOMETRAJE!G$44,IF(G24=42,KILOMETRAJE!G$45,IF(G24=43,KILOMETRAJE!G$46,IF(G24=44,KILOMETRAJE!G$47,IF(G24=45,KILOMETRAJE!G$48,IF(G24=46,KILOMETRAJE!G$49,IF(G24=47,KILOMETRAJE!G$50,IF(G24=48,KILOMETRAJE!G$51,IF(G24=49,KILOMETRAJE!G$52,IF(G24=50,KILOMETRAJE!G$53,IF(G24=51,KILOMETRAJE!G$54,IF(G24=52,KILOMETRAJE!G$55,IF(G24=53,KILOMETRAJE!G$56,IF(G24=54,KILOMETRAJE!G$57,IF(G24=55,KILOMETRAJE!G$58,IF(G24=56,KILOMETRAJE!G$59,IF(G24=57,KILOMETRAJE!G$60,IF(G24=58,KILOMETRAJE!G$61,IF(G24=59,KILOMETRAJE!G$62,IF(G24=60,KILOMETRAJE!G$63,IF(G24=61,KILOMETRAJE!G$64,IF(G24=62,KILOMETRAJE!G$65,IF(G24=63,KILOMETRAJE!G$66))))))))))))))))))))))))))))))))))))))))))))))))))))))))))))))) -> 375 | K24: 215.974 | L24: =SUM(J23:J24)/K24 -> 3.4726402 | M24: 4801 | N24: 1 | O24: FSM53925 | P24: SAFRAN | Q24: =((((IF(N24=1,((J24)*0.29333)))+(IF(N24=2,((J24)*0.146666)))+(IF(N24=3,((J24)*0.146666)))))+(IF(N24=4,((J24-40)*0.29333)))+(IF(N24=5,((J24-50)*0.29333)))+(IF(N24=6,((J24-90)*0.29333)))) -> 109.99875 | R24: =+LOOKUP(P42,UNIDADES!B$3:B$59,UNIDADES!C$3:C$59) -> 2.37341 | S24: =+((SUM(J23:J24))/R24)-K24 -> 100.02703 | T24: =+S24*14.85 -> 1485.4014 | U24: 55 | V24: 60
B25: QMS | C25: 46333 | D25: 2873206-2 | E25: 45932 | F25: 45933 | G25: 2 | H25: =IF(G25=1,KILOMETRAJE!C$4,IF(G25=2,KILOMETRAJE!C$5,IF(G25=3,KILOMETRAJE!C$6,IF(G25=4,KILOMETRAJE!C$7,IF(G25=5,KILOMETRAJE!C$8,IF(G25=6,KILOMETRAJE!C$9,IF(G25=7,KILOMETRAJE!C$10,IF(G25=8,KILOMETRAJE!C$11,IF(G25=9,KILOMETRAJE!C$12,IF(G25=10,KILOMETRAJE!C$13,IF(G25=11,KILOMETRAJE!C$14,IF(G25=12,KILOMETRAJE!C$15,IF(G25=13,KILOMETRAJE!C$16,IF(G25=14,KILOMETRAJE!C$17,IF(G25=15,KILOMETRAJE!C$18,IF(G25=16,KILOMETRAJE!C$19,IF(G25=17,KILOMETRAJE!C$20,IF(G25=18,KILOMETRAJE!C$21,IF(G25=19,KILOMETRAJE!C$22,IF(G25=20,KILOMETRAJE!C$23,IF(G25=21,KILOMETRAJE!C$24,IF(G25=22,KILOMETRAJE!C$25,IF(G25=23,KILOMETRAJE!C$26,IF(G25=24,KILOMETRAJE!C$27,IF(G25=25,KILOMETRAJE!C$28,IF(G25=26,KILOMETRAJE!C$29,IF(G25=27,KILOMETRAJE!C$30,IF(G25=28,KILOMETRAJE!C$31,IF(G25=29,KILOMETRAJE!C$32,IF(G25=30,KILOMETRAJE!C$33,IF(G25=31,KILOMETRAJE!C$34,IF(G25=32,KILOMETRAJE!C$35,IF(G25=33,KILOMETRAJE!C$36,IF(G25=34,KILOMETRAJE!C$37,IF(G25=35,KILOMETRAJE!C$38,IF(G25=36,KILOMETRAJE!C$39,IF(G25=37,KILOMETRAJE!C$40,IF(G25=38,KILOMETRAJE!C$41,IF(G25=39,KILOMETRAJE!C$42,IF(G25=40,KILOMETRAJE!C$43,IF(G25=41,KILOMETRAJE!C$44,IF(G25=42,KILOMETRAJE!C$45,IF(G25=43,KILOMETRAJE!C$46,IF(G25=44,KILOMETRAJE!C$47,IF(G25=45,KILOMETRAJE!C$48,IF(G25=46,KILOMETRAJE!C$49,IF(G25=47,KILOMETRAJE!C$50,IF(G25=48,KILOMETRAJE!C$51,IF(G25=49,KILOMETRAJE!C$52,IF(G25=50,KILOMETRAJE!C$53,IF(G25=51,KILOMETRAJE!C$54,IF(G25=52,KILOMETRAJE!C$55,IF(G25=53,KILOMETRAJE!C$56,IF(G25=54,KILOMETRAJE!C$57,IF(G25=55,KILOMETRAJE!C$58,IF(G25=56,KILOMETRAJE!C$59,IF(G25=57,KILOMETRAJE!C$60,IF(G25=58,KILOMETRAJE!C$61,IF(G25=59,KILOMETRAJE!C$62,IF(G25=60,KILOMETRAJE!C$63,IF(G25=61,KILOMETRAJE!C$64,IF(G25=62,KILOMETRAJE!C$65,IF(G25=63,KILOMETRAJE!C$66))))))))))))))))))))))))))))))))))))))))))))))))))))))))))))))) -> JRZ | I25: =IF(G25=1,KILOMETRAJE!E$4,IF(G25=2,KILOMETRAJE!E$5,IF(G25=3,KILOMETRAJE!E$6,IF(G25=4,KILOMETRAJE!E$7,IF(G25=5,KILOMETRAJE!E$8,IF(G25=6,KILOMETRAJE!E$9,IF(G25=7,KILOMETRAJE!E$10,IF(G25=8,KILOMETRAJE!E$11,IF(G25=9,KILOMETRAJE!E$12,IF(G25=10,KILOMETRAJE!E$13,IF(G25=11,KILOMETRAJE!E$14,IF(G25=12,KILOMETRAJE!E$15,IF(G25=13,KILOMETRAJE!E$16,IF(G25=14,KILOMETRAJE!E$17,IF(G25=15,KILOMETRAJE!E$18,IF(G25=16,KILOMETRAJE!E$19,IF(G25=17,KILOMETRAJE!E$20,IF(G25=18,KILOMETRAJE!E$21,IF(G25=19,KILOMETRAJE!E$22,IF(G25=20,KILOMETRAJE!E$23,IF(G25=21,KILOMETRAJE!E$24,IF(G25=22,KILOMETRAJE!E$25,IF(G25=23,KILOMETRAJE!E$26,IF(G25=24,KILOMETRAJE!E$27,IF(G25=25,KILOMETRAJE!E$28,IF(G25=26,KILOMETRAJE!E$29,IF(G25=27,KILOMETRAJE!E$30,IF(G25=28,KILOMETRAJE!E$31,IF(G25=29,KILOMETRAJE!E$32,IF(G25=30,KILOMETRAJE!E$33,IF(G25=31,KILOMETRAJE!E$34,IF(G25=32,KILOMETRAJE!E$35,IF(G25=33,KILOMETRAJE!E$36,IF(G25=34,KILOMETRAJE!E$37,IF(G25=35,KILOMETRAJE!E$38,IF(G25=36,KILOMETRAJE!E$39,IF(G25=37,KILOMETRAJE!E$40,IF(G25=38,KILOMETRAJE!E$41,IF(G25=39,KILOMETRAJE!E$42,IF(G25=40,KILOMETRAJE!E$43,IF(G25=41,KILOMETRAJE!E$44,IF(G25=42,KILOMETRAJE!E$45,IF(G25=43,KILOMETRAJE!E$46,IF(G25=44,KILOMETRAJE!E$47,IF(G25=45,KILOMETRAJE!E$48,IF(G25=46,KILOMETRAJE!E$49,IF(G25=47,KILOMETRAJE!E$50,IF(G25=48,KILOMETRAJE!E$51,IF(G25=49,KILOMETRAJE!E$52,IF(G25=50,KILOMETRAJE!E$53,IF(G25=51,KILOMETRAJE!E$54,IF(G25=52,KILOMETRAJE!E$55,IF(G25=53,KILOMETRAJE!E$56,IF(G25=54,KILOMETRAJE!E$57,IF(G25=55,KILOMETRAJE!E$58,IF(G25=56,KILOMETRAJE!E$59,IF(G25=57,KILOMETRAJE!E$60,IF(G25=58,KILOMETRAJE!E$61,IF(G25=59,KILOMETRAJE!E$62,IF(G25=60,KILOMETRAJE!E$63,IF(G25=61,KILOMETRAJE!E$64,IF(G25=62,KILOMETRAJE!E$65,IF(G25=63,KILOMETRAJE!E$66))))))))))))))))))))))))))))))))))))))))))))))))))))))))))))))) -> CHIH. | J25: =IF(G25=1,KILOMETRAJE!G$4,IF(G25=2,KILOMETRAJE!G$5,IF(G25=3,KILOMETRAJE!G$6,IF(G25=4,KILOMETRAJE!G$7,IF(G25=5,KILOMETRAJE!G$8,IF(G25=6,KILOMETRAJE!G$9,IF(G25=7,KILOMETRAJE!G$10,IF(G25=8,KILOMETRAJE!G$11,IF(G25=9,KILOMETRAJE!G$12,IF(G25=10,KILOMETRAJE!G$13,IF(G25=11,KILOMETRAJE!G$14,IF(G25=12,KILOMETRAJE!G$15,IF(G25=13,KILOMETRAJE!G$16,IF(G25=14,KILOMETRAJE!G$17,IF(G25=15,KILOMETRAJE!G$18,IF(G25=16,KILOMETRAJE!G$19,IF(G25=17,KILOMETRAJE!G$20,IF(G25=18,KILOMETRAJE!G$21,IF(G25=19,KILOMETRAJE!G$22,IF(G25=20,KILOMETRAJE!G$23,IF(G25=21,KILOMETRAJE!G$24,IF(G25=22,KILOMETRAJE!G$25,IF(G25=23,KILOMETRAJE!G$26,IF(G25=24,KILOMETRAJE!G$27,IF(G25=25,KILOMETRAJE!G$28,IF(G25=26,KILOMETRAJE!G$29,IF(G25=27,KILOMETRAJE!G$30,IF(G25=28,KILOMETRAJE!G$31,IF(G25=29,KILOMETRAJE!G$32,IF(G25=30,KILOMETRAJE!G$33,IF(G25=31,KILOMETRAJE!G$34,IF(G25=32,KILOMETRAJE!G$35,IF(G25=33,KILOMETRAJE!G$36,IF(G25=34,KILOMETRAJE!G$37,IF(G25=35,KILOMETRAJE!G$38,IF(G25=36,KILOMETRAJE!G$39,IF(G25=37,KILOMETRAJE!G$40,IF(G25=38,KILOMETRAJE!G$41,IF(G25=39,KILOMETRAJE!G$42,IF(G25=40,KILOMETRAJE!G$43,IF(G25=41,KILOMETRAJE!G$44,IF(G25=42,KILOMETRAJE!G$45,IF(G25=43,KILOMETRAJE!G$46,IF(G25=44,KILOMETRAJE!G$47,IF(G25=45,KILOMETRAJE!G$48,IF(G25=46,KILOMETRAJE!G$49,IF(G25=47,KILOMETRAJE!G$50,IF(G25=48,KILOMETRAJE!G$51,IF(G25=49,KILOMETRAJE!G$52,IF(G25=50,KILOMETRAJE!G$53,IF(G25=51,KILOMETRAJE!G$54,IF(G25=52,KILOMETRAJE!G$55,IF(G25=53,KILOMETRAJE!G$56,IF(G25=54,KILOMETRAJE!G$57,IF(G25=55,KILOMETRAJE!G$58,IF(G25=56,KILOMETRAJE!G$59,IF(G25=57,KILOMETRAJE!G$60,IF(G25=58,KILOMETRAJE!G$61,IF(G25=59,KILOMETRAJE!G$62,IF(G25=60,KILOMETRAJE!G$63,IF(G25=61,KILOMETRAJE!G$64,IF(G25=62,KILOMETRAJE!G$65,IF(G25=63,KILOMETRAJE!G$66))))))))))))))))))))))))))))))))))))))))))))))))))))))))))))))) -> 375 | M25: 2052.51 | N25: 1 | O25: FSM53033 | P25: G. AMERICAN | Q25: =((((IF(N25=1,((J25)*0.29333)))+(IF(N25=2,((J25)*0.146666)))+(IF(N25=3,((J25)*0.146666)))))+(IF(N25=4,((J25-40)*0.29333)))+(IF(N25=5,((J25-50)*0.29333)))+(IF(N25=6,((J25-90)*0.29333)))) -> 109.99875 | U25: NA | V25: NA
B26: QMS | D26: 2873392-2 | E26: 45933 | F26: 45933 | G26: 3 | H26: =IF(G26=1,KILOMETRAJE!C$4,IF(G26=2,KILOMETRAJE!C$5,IF(G26=3,KILOMETRAJE!C$6,IF(G26=4,KILOMETRAJE!C$7,IF(G26=5,KILOMETRAJE!C$8,IF(G26=6,KILOMETRAJE!C$9,IF(G26=7,KILOMETRAJE!C$10,IF(G26=8,KILOMETRAJE!C$11,IF(G26=9,KILOMETRAJE!C$12,IF(G26=10,KILOMETRAJE!C$13,IF(G26=11,KILOMETRAJE!C$14,IF(G26=12,KILOMETRAJE!C$15,IF(G26=13,KILOMETRAJE!C$16,IF(G26=14,KILOMETRAJE!C$17,IF(G26=15,KILOMETRAJE!C$18,IF(G26=16,KILOMETRAJE!C$19,IF(G26=17,KILOMETRAJE!C$20,IF(G26=18,KILOMETRAJE!C$21,IF(G26=19,KILOMETRAJE!C$22,IF(G26=20,KILOMETRAJE!C$23,IF(G26=21,KILOMETRAJE!C$24,IF(G26=22,KILOMETRAJE!C$25,IF(G26=23,KILOMETRAJE!C$26,IF(G26=24,KILOMETRAJE!C$27,IF(G26=25,KILOMETRAJE!C$28,IF(G26=26,KILOMETRAJE!C$29,IF(G26=27,KILOMETRAJE!C$30,IF(G26=28,KILOMETRAJE!C$31,IF(G26=29,KILOMETRAJE!C$32,IF(G26=30,KILOMETRAJE!C$33,IF(G26=31,KILOMETRAJE!C$34,IF(G26=32,KILOMETRAJE!C$35,IF(G26=33,KILOMETRAJE!C$36,IF(G26=34,KILOMETRAJE!C$37,IF(G26=35,KILOMETRAJE!C$38,IF(G26=36,KILOMETRAJE!C$39,IF(G26=37,KILOMETRAJE!C$40,IF(G26=38,KILOMETRAJE!C$41,IF(G26=39,KILOMETRAJE!C$42,IF(G26=40,KILOMETRAJE!C$43,IF(G26=41,KILOMETRAJE!C$44,IF(G26=42,KILOMETRAJE!C$45,IF(G26=43,KILOMETRAJE!C$46,IF(G26=44,KILOMETRAJE!C$47,IF(G26=45,KILOMETRAJE!C$48,IF(G26=46,KILOMETRAJE!C$49,IF(G26=47,KILOMETRAJE!C$50,IF(G26=48,KILOMETRAJE!C$51,IF(G26=49,KILOMETRAJE!C$52,IF(G26=50,KILOMETRAJE!C$53,IF(G26=51,KILOMETRAJE!C$54,IF(G26=52,KILOMETRAJE!C$55,IF(G26=53,KILOMETRAJE!C$56,IF(G26=54,KILOMETRAJE!C$57,IF(G26=55,KILOMETRAJE!C$58,IF(G26=56,KILOMETRAJE!C$59,IF(G26=57,KILOMETRAJE!C$60,IF(G26=58,KILOMETRAJE!C$61,IF(G26=59,KILOMETRAJE!C$62,IF(G26=60,KILOMETRAJE!C$63,IF(G26=61,KILOMETRAJE!C$64,IF(G26=62,KILOMETRAJE!C$65,IF(G26=63,KILOMETRAJE!C$66))))))))))))))))))))))))))))))))))))))))))))))))))))))))))))))) -> CHIH. | I26: =IF(G26=1,KILOMETRAJE!E$4,IF(G26=2,KILOMETRAJE!E$5,IF(G26=3,KILOMETRAJE!E$6,IF(G26=4,KILOMETRAJE!E$7,IF(G26=5,KILOMETRAJE!E$8,IF(G26=6,KILOMETRAJE!E$9,IF(G26=7,KILOMETRAJE!E$10,IF(G26=8,KILOMETRAJE!E$11,IF(G26=9,KILOMETRAJE!E$12,IF(G26=10,KILOMETRAJE!E$13,IF(G26=11,KILOMETRAJE!E$14,IF(G26=12,KILOMETRAJE!E$15,IF(G26=13,KILOMETRAJE!E$16,IF(G26=14,KILOMETRAJE!E$17,IF(G26=15,KILOMETRAJE!E$18,IF(G26=16,KILOMETRAJE!E$19,IF(G26=17,KILOMETRAJE!E$20,IF(G26=18,KILOMETRAJE!E$21,IF(G26=19,KILOMETRAJE!E$22,IF(G26=20,KILOMETRAJE!E$23,IF(G26=21,KILOMETRAJE!E$24,IF(G26=22,KILOMETRAJE!E$25,IF(G26=23,KILOMETRAJE!E$26,IF(G26=24,KILOMETRAJE!E$27,IF(G26=25,KILOMETRAJE!E$28,IF(G26=26,KILOMETRAJE!E$29,IF(G26=27,KILOMETRAJE!E$30,IF(G26=28,KILOMETRAJE!E$31,IF(G26=29,KILOMETRAJE!E$32,IF(G26=30,KILOMETRAJE!E$33,IF(G26=31,KILOMETRAJE!E$34,IF(G26=32,KILOMETRAJE!E$35,IF(G26=33,KILOMETRAJE!E$36,IF(G26=34,KILOMETRAJE!E$37,IF(G26=35,KILOMETRAJE!E$38,IF(G26=36,KILOMETRAJE!E$39,IF(G26=37,KILOMETRAJE!E$40,IF(G26=38,KILOMETRAJE!E$41,IF(G26=39,KILOMETRAJE!E$42,IF(G26=40,KILOMETRAJE!E$43,IF(G26=41,KILOMETRAJE!E$44,IF(G26=42,KILOMETRAJE!E$45,IF(G26=43,KILOMETRAJE!E$46,IF(G26=44,KILOMETRAJE!E$47,IF(G26=45,KILOMETRAJE!E$48,IF(G26=46,KILOMETRAJE!E$49,IF(G26=47,KILOMETRAJE!E$50,IF(G26=48,KILOMETRAJE!E$51,IF(G26=49,KILOMETRAJE!E$52,IF(G26=50,KILOMETRAJE!E$53,IF(G26=51,KILOMETRAJE!E$54,IF(G26=52,KILOMETRAJE!E$55,IF(G26=53,KILOMETRAJE!E$56,IF(G26=54,KILOMETRAJE!E$57,IF(G26=55,KILOMETRAJE!E$58,IF(G26=56,KILOMETRAJE!E$59,IF(G26=57,KILOMETRAJE!E$60,IF(G26=58,KILOMETRAJE!E$61,IF(G26=59,KILOMETRAJE!E$62,IF(G26=60,KILOMETRAJE!E$63,IF(G26=61,KILOMETRAJE!E$64,IF(G26=62,KILOMETRAJE!E$65,IF(G26=63,KILOMETRAJE!E$66))))))))))))))))))))))))))))))))))))))))))))))))))))))))))))))) -> JRZ | J26: =IF(G26=1,KILOMETRAJE!G$4,IF(G26=2,KILOMETRAJE!G$5,IF(G26=3,KILOMETRAJE!G$6,IF(G26=4,KILOMETRAJE!G$7,IF(G26=5,KILOMETRAJE!G$8,IF(G26=6,KILOMETRAJE!G$9,IF(G26=7,KILOMETRAJE!G$10,IF(G26=8,KILOMETRAJE!G$11,IF(G26=9,KILOMETRAJE!G$12,IF(G26=10,KILOMETRAJE!G$13,IF(G26=11,KILOMETRAJE!G$14,IF(G26=12,KILOMETRAJE!G$15,IF(G26=13,KILOMETRAJE!G$16,IF(G26=14,KILOMETRAJE!G$17,IF(G26=15,KILOMETRAJE!G$18,IF(G26=16,KILOMETRAJE!G$19,IF(G26=17,KILOMETRAJE!G$20,IF(G26=18,KILOMETRAJE!G$21,IF(G26=19,KILOMETRAJE!G$22,IF(G26=20,KILOMETRAJE!G$23,IF(G26=21,KILOMETRAJE!G$24,IF(G26=22,KILOMETRAJE!G$25,IF(G26=23,KILOMETRAJE!G$26,IF(G26=24,KILOMETRAJE!G$27,IF(G26=25,KILOMETRAJE!G$28,IF(G26=26,KILOMETRAJE!G$29,IF(G26=27,KILOMETRAJE!G$30,IF(G26=28,KILOMETRAJE!G$31,IF(G26=29,KILOMETRAJE!G$32,IF(G26=30,KILOMETRAJE!G$33,IF(G26=31,KILOMETRAJE!G$34,IF(G26=32,KILOMETRAJE!G$35,IF(G26=33,KILOMETRAJE!G$36,IF(G26=34,KILOMETRAJE!G$37,IF(G26=35,KILOMETRAJE!G$38,IF(G26=36,KILOMETRAJE!G$39,IF(G26=37,KILOMETRAJE!G$40,IF(G26=38,KILOMETRAJE!G$41,IF(G26=39,KILOMETRAJE!G$42,IF(G26=40,KILOMETRAJE!G$43,IF(G26=41,KILOMETRAJE!G$44,IF(G26=42,KILOMETRAJE!G$45,IF(G26=43,KILOMETRAJE!G$46,IF(G26=44,KILOMETRAJE!G$47,IF(G26=45,KILOMETRAJE!G$48,IF(G26=46,KILOMETRAJE!G$49,IF(G26=47,KILOMETRAJE!G$50,IF(G26=48,KILOMETRAJE!G$51,IF(G26=49,KILOMETRAJE!G$52,IF(G26=50,KILOMETRAJE!G$53,IF(G26=51,KILOMETRAJE!G$54,IF(G26=52,KILOMETRAJE!G$55,IF(G26=53,KILOMETRAJE!G$56,IF(G26=54,KILOMETRAJE!G$57,IF(G26=55,KILOMETRAJE!G$58,IF(G26=56,KILOMETRAJE!G$59,IF(G26=57,KILOMETRAJE!G$60,IF(G26=58,KILOMETRAJE!G$61,IF(G26=59,KILOMETRAJE!G$62,IF(G26=60,KILOMETRAJE!G$63,IF(G26=61,KILOMETRAJE!G$64,IF(G26=62,KILOMETRAJE!G$65,IF(G26=63,KILOMETRAJE!G$66))))))))))))))))))))))))))))))))))))))))))))))))))))))))))))))) -> 375 | K26: 224.998 | L26: =SUM(J25:J26)/K26 -> 3.333363 | M26: 1905 | N26: 1 | O26: BS35040 | P26: SAFRAN | Q26: =((((IF(N26=1,((J26)*0.29333)))+(IF(N26=2,((J26)*0.146666)))+(IF(N26=3,((J26)*0.146666)))))+(IF(N26=4,((J26-40)*0.29333)))+(IF(N26=5,((J26-50)*0.29333)))+(IF(N26=6,((J26-90)*0.29333)))) -> 109.99875 | R26: =+LOOKUP(P43,UNIDADES!B$3:B$59,UNIDADES!C$3:C$59) -> 2.37341 | S26: =+((SUM(J25:J26))/R26)-K26 -> 91.003028 | T26: =+S26*14.85 -> 1351.395 | U26: 60 | V26: 60
E34: CRUCES | F34: =+'AGUILAR ESQUIVEL CARLOS'!F34:G34 -> 45936 | H34: =+F34+1 -> 45937 | I34: =+H34+1 -> 45938 | J34: =+I34+1 -> 45939 | K34: =+J34+1 -> 45940 | L34: =+K34+2 -> 45942 | M34: TOTAL.C
M35: =SUM(F35:L35) -> 0
C37: PERCEPCIONES DE LA SEMANA | I37: ADELANTO DE LIQUIDACION | O37: TOTAL: | Q37: =+F49-L46 -> 8324.5218
C38: PAGO POR KM | F38: =SUM(Q18:Q33) -> 879.99 | I38: CONCEPTO | J38: FECHA | K38: FOLIO | L38: MONTO
C39: DIESEL A FAVOR | F39: =SUM(T18:T33) -> 5694.5318 | O39: FOLIO | P39: UNIDAD | Q39: ODM. INICIAL | S39: ODM. FINAL | T39: KM. RECORR | U39: KM. LIQUID | V39: LTS | W39: PESO
C40: CRUCES | F40: =+M35 -> 0 | O40: 45859 | P40: F-033 | Q40: 432015 | S40: 432764 | T40: =+S40-Q40 -> 749 | U40: =SUM(J19:J20) -> 800 | V40: =+K20 -> 219.95 | W40: =(SUM(M19:M20)/2) -> 4916.95
C41: DOBLETE | O41: 45885 | P41: F-033 | Q41: 432764 | S41: 433457 | T41: =+S41-Q41 -> 693 | U41: =SUM(J21:J22) -> 750 | V41: =+K22 -> 220.01 | W41: =(SUM(M21:M22)/2) -> 3484.3905
C42: ESTANCIAS | O42: 46315 | P42: F-013 | Q42: 197159 | S42: 197888 | T42: =+S42-Q42 -> 729 | U42: =SUM(J23:J24) -> 750 | V42: =+K24 -> 215.974 | W42: =(SUM(M23:M24)/2) -> 2415.215
C43: BONO QMS | F43: 1750 | O43: 46333 | P43: F-013 | Q43: 197889 | S43: 198621 | T43: =+S43-Q43 -> 732 | U43: =SUM(J25:J26) -> 750 | V43: =+K26 -> 224.998 | W43: =(SUM(M25:M26)/2) -> 1978.755
C44: CRUCE PERICAS | T44: =+S44-Q44 -> 0 | U44: =SUM(J27:J28) -> 0 | V44: =+K28 -> 0 | W44: =(SUM(M27:M28)/2) -> 0
C45: BONO TRANSERVICIOS | F45: 0 | T45: =+S45-Q45 -> 0 | U45: =SUM(J29:J30) -> 0 | V45: =+K30 -> 0 | W45: =(SUM(M29:M30)/2) -> 0
C46: BONO POSTURA | F46: 0 | I46: TOTAL DEDUCCIONES: | L46: =SUM(L39:L45) -> 0 | U46: =SUM(J31:J32) -> 0 | V46: =+K32 -> 0 | W46: =(SUM(M31:M32)/2) -> 0
C47: TALLER EXTERNO | F47: 0
C49: TOTAL DE PERCEPCIONES: | F49: =SUM(F38:G48) -> 8324.5218
P50: CODIGO C/V/PT
C51: OBSERVACIONES: | P51: 1 | Q51: CARGADO
P52: 2 | Q52: VACIO
P53: 3 | Q53: PT
P54: 4 | Q54: CARGADO/ELP
P55: 5 | Q55: CARGADO FOK/HAW
D56: FIRMA DE AUTORIZACION | J56: FIRMA DE CONFORMIDAD | P56: 6 | Q56: CARGADO FOK/HAW-EL P

Sheet AGUILERA CONTRERAS LUIS GERARDO
Q2: SEMANA:
I3: FLETES SOTELO S.A DE C.V | Q3: =+'BURGOS TORRES RIGOBERTO'!Q3:S3 -> 42
I4: RFC: FSO880915JP8
I5: CAMINO DE LOS ESTEROS 720 | Q5: FOLIO DE LIQUIDACION
I6: PARTIDO DOBALDO CD.JUAREZ CHIHU. | Q6: =+'CORDOVA URIBE JOSE ADRIAN'!Q6+1 -> 34
I9: INFORMACION DEL OPERADOR
D11: OPERADOR: | E11: AGUILERA CONTRERAS LUIS GERARDO | K11: FECHA DE PERIODO: | L11: ='REYES LARA DANTE'!L11 -> SEMANA #42 PERIODO DEL 06 AL 12 DE OCTUBRE DEL 2025
D12: UNIDAD: | E12: F-019
D14: ODOM.INIC: | F14: 121469 | I14: COMBUSTIBLE INICI: | O14: COMBUSTIBLE CARGADO:
D15: ODOM.FINAL: | F15: 122158 | I15: COMBUSTIBLE FIN: | O15: DIF. DE DIESEL:
D16: KM RECORRIDOS: | F16: =SUM(J19:J33) -> 3050 | I16: DIESEL CONSUMIDO: | J16: =SUM(K19:K33) -> 904.097 | O16: RENDIMIENTO: | P16: =+F16/J16 -> 3.3735318
C18: FOLIO LIQUIDACION | D18: CORDENADA | E18: FECHA SALIDA | F18: FECHA LLEGADA | G18: R: | H18: ORIGEN | I18: DESTINO | J18: KMS | K18: RECARGA | L18: RENDIMIENTO | M18: PESO DE CARGA (kg) | N18: C / V / PT | O18: REMOLQUE | P18: CLIENTE | Q18: PAGO POR KM | R18: RENDIMIENTO PAGO | S18: LITROS A PAGO | T18: DIESEL A FAVOR | U18: SALIDA | V18: REGRESO
C19: 46386 | D19: 2873905-3 | E19: 45936 | F19: 45937 | G19: 23 | H19: =IF(G19=1,KILOMETRAJE!C$4,IF(G19=2,KILOMETRAJE!C$5,IF(G19=3,KILOMETRAJE!C$6,IF(G19=4,KILOMETRAJE!C$7,IF(G19=5,KILOMETRAJE!C$8,IF(G19=6,KILOMETRAJE!C$9,IF(G19=7,KILOMETRAJE!C$10,IF(G19=8,KILOMETRAJE!C$11,IF(G19=9,KILOMETRAJE!C$12,IF(G19=10,KILOMETRAJE!C$13,IF(G19=11,KILOMETRAJE!C$14,IF(G19=12,KILOMETRAJE!C$15,IF(G19=13,KILOMETRAJE!C$16,IF(G19=14,KILOMETRAJE!C$17,IF(G19=15,KILOMETRAJE!C$18,IF(G19=16,KILOMETRAJE!C$19,IF(G19=17,KILOMETRAJE!C$20,IF(G19=18,KILOMETRAJE!C$21,IF(G19=19,KILOMETRAJE!C$22,IF(G19=20,KILOMETRAJE!C$23,IF(G19=21,KILOMETRAJE!C$24,IF(G19=22,KILOMETRAJE!C$25,IF(G19=23,KILOMETRAJE!C$26,IF(G19=24,KILOMETRAJE!C$27,IF(G19=25,KILOMETRAJE!C$28,IF(G19=26,KILOMETRAJE!C$29,IF(G19=27,KILOMETRAJE!C$30,IF(G19=28,KILOMETRAJE!C$31,IF(G19=29,KILOMETRAJE!C$32,IF(G19=30,KILOMETRAJE!C$33,IF(G19=31,KILOMETRAJE!C$34,IF(G19=32,KILOMETRAJE!C$35,IF(G19=33,KILOMETRAJE!C$36,IF(G19=34,KILOMETRAJE!C$37,IF(G19=35,KILOMETRAJE!C$38,IF(G19=36,KILOMETRAJE!C$39,IF(G19=37,KILOMETRAJE!C$40,IF(G19=38,KILOMETRAJE!C$41,IF(G19=39,KILOMETRAJE!C$42,IF(G19=40,KILOMETRAJE!C$43,IF(G19=41,KILOMETRAJE!C$44,IF(G19=42,KILOMETRAJE!C$45,IF(G19=43,KILOMETRAJE!C$46,IF(G19=44,KILOMETRAJE!C$47,IF(G19=45,KILOMETRAJE!C$48,IF(G19=46,KILOMETRAJE!C$49,IF(G19=47,KILOMETRAJE!C$50,IF(G19=48,KILOMETRAJE!C$51,IF(G19=49,KILOMETRAJE!C$52,IF(G19=50,KILOMETRAJE!C$53,IF(G19=51,KILOMETRAJE!C$54,IF(G19=52,KILOMETRAJE!C$55,IF(G19=53,KILOMETRAJE!C$56,IF(G19=54,KILOMETRAJE!C$57,IF(G19=55,KILOMETRAJE!C$58,IF(G19=56,KILOMETRAJE!C$59,IF(G19=57,KILOMETRAJE!C$60,IF(G19=58,KILOMETRAJE!C$61,IF(G19=59,KILOMETRAJE!C$62,IF(G19=60,KILOMETRAJE!C$63,IF(G19=61,KILOMETRAJE!C$64,IF(G19=62,KILOMETRAJE!C$65,IF(G19=63,KILOMETRAJE!C$66))))))))))))))))))))))))))))))))))))))))))))))))))))))))))))))) -> JRZ | I19: =IF(G19=1,KILOMETRAJE!E$4,IF(G19=2,KILOMETRAJE!E$5,IF(G19=3,KILOMETRAJE!E$6,IF(G19=4,KILOMETRAJE!E$7,IF(G19=5,KILOMETRAJE!E$8,IF(G19=6,KILOMETRAJE!E$9,IF(G19=7,KILOMETRAJE!E$10,IF(G19=8,KILOMETRAJE!E$11,IF(G19=9,KILOMETRAJE!E$12,IF(G19=10,KILOMETRAJE!E$13,IF(G19=11,KILOMETRAJE!E$14,IF(G19=12,KILOMETRAJE!E$15,IF(G19=13,KILOMETRAJE!E$16,IF(G19=14,KILOMETRAJE!E$17,IF(G19=15,KILOMETRAJE!E$18,IF(G19=16,KILOMETRAJE!E$19,IF(G19=17,KILOMETRAJE!E$20,IF(G19=18,KILOMETRAJE!E$21,IF(G19=19,KILOMETRAJE!E$22,IF(G19=20,KILOMETRAJE!E$23,IF(G19=21,KILOMETRAJE!E$24,IF(G19=22,KILOMETRAJE!E$25,IF(G19=23,KILOMETRAJE!E$26,IF(G19=24,KILOMETRAJE!E$27,IF(G19=25,KILOMETRAJE!E$28,IF(G19=26,KILOMETRAJE!E$29,IF(G19=27,KILOMETRAJE!E$30,IF(G19=28,KILOMETRAJE!E$31,IF(G19=29,KILOMETRAJE!E$32,IF(G19=30,KILOMETRAJE!E$33,IF(G19=31,KILOMETRAJE!E$34,IF(G19=32,KILOMETRAJE!E$35,IF(G19=33,KILOMETRAJE!E$36,IF(G19=34,KILOMETRAJE!E$37,IF(G19=35,KILOMETRAJE!E$38,IF(G19=36,KILOMETRAJE!E$39,IF(G19=37,KILOMETRAJE!E$40,IF(G19=38,KILOMETRAJE!E$41,IF(G19=39,KILOMETRAJE!E$42,IF(G19=40,KILOMETRAJE!E$43,IF(G19=41,KILOMETRAJE!E$44,IF(G19=42,KILOMETRAJE!E$45,IF(G19=43,KILOMETRAJE!E$46,IF(G19=44,KILOMETRAJE!E$47,IF(G19=45,KILOMETRAJE!E$48,IF(G19=46,KILOMETRAJE!E$49,IF(G19=47,KILOMETRAJE!E$50,IF(G19=48,KILOMETRAJE!E$51,IF(G19=49,KILOMETRAJE!E$52,IF(G19=50,KILOMETRAJE!E$53,IF(G19=51,KILOMETRAJE!E$54,IF(G19=52,KILOMETRAJE!E$55,IF(G19=53,KILOMETRAJE!E$56,IF(G19=54,KILOMETRAJE!E$57,IF(G19=55,KILOMETRAJE!E$58,IF(G19=56,KILOMETRAJE!E$59,IF(G19=57,KILOMETRAJE!E$60,IF(G19=58,KILOMETRAJE!E$61,IF(G19=59,KILOMETRAJE!E$62,IF(G19=60,KILOMETRAJE!E$63,IF(G19=61,KILOMETRAJE!E$64,IF(G19=62,KILOMETRAJE!E$65,IF(G19=63,KILOMETRAJE!E$66))))))))))))))))))))))))))))))))))))))))))))))))))))))))))))))) -> CHIH. (FOKKER) | J19: =IF(G19=1,KILOMETRAJE!G$4,IF(G19=2,KILOMETRAJE!G$5,IF(G19=3,KILOMETRAJE!G$6,IF(G19=4,KILOMETRAJE!G$7,IF(G19=5,KILOMETRAJE!G$8,IF(G19=6,KILOMETRAJE!G$9,IF(G19=7,KILOMETRAJE!G$10,IF(G19=8,KILOMETRAJE!G$11,IF(G19=9,KILOMETRAJE!G$12,IF(G19=10,KILOMETRAJE!G$13,IF(G19=11,KILOMETRAJE!G$14,IF(G19=12,KILOMETRAJE!G$15,IF(G19=13,KILOMETRAJE!G$16,IF(G19=14,KILOMETRAJE!G$17,IF(G19=15,KILOMETRAJE!G$18,IF(G19=16,KILOMETRAJE!G$19,IF(G19=17,KILOMETRAJE!G$20,IF(G19=18,KILOMETRAJE!G$21,IF(G19=19,KILOMETRAJE!G$22,IF(G19=20,KILOMETRAJE!G$23,IF(G19=21,KILOMETRAJE!G$24,IF(G19=22,KILOMETRAJE!G$25,IF(G19=23,KILOMETRAJE!G$26,IF(G19=24,KILOMETRAJE!G$27,IF(G19=25,KILOMETRAJE!G$28,IF(G19=26,KILOMETRAJE!G$29,IF(G19=27,KILOMETRAJE!G$30,IF(G19=28,KILOMETRAJE!G$31,IF(G19=29,KILOMETRAJE!G$32,IF(G19=30,KILOMETRAJE!G$33,IF(G19=31,KILOMETRAJE!G$34,IF(G19=32,KILOMETRAJE!G$35,IF(G19=33,KILOMETRAJE!G$36,IF(G19=34,KILOMETRAJE!G$37,IF(G19=35,KILOMETRAJE!G$38,IF(G19=36,KILOMETRAJE!G$39,IF(G19=37,KILOMETRAJE!G$40,IF(G19=38,KILOMETRAJE!G$41,IF(G19=39,KILOMETRAJE!G$42,IF(G19=40,KILOMETRAJE!G$43,IF(G19=41,KILOMETRAJE!G$44,IF(G19=42,KILOMETRAJE!G$45,IF(G19=43,KILOMETRAJE!G$46,IF(G19=44,KILOMETRAJE!G$47,IF(G19=45,KILOMETRAJE!G$48,IF(G19=46,KILOMETRAJE!G$49,IF(G19=47,KILOMETRAJE!G$50,IF(G19=48,KILOMETRAJE!G$51,IF(G19=49,KILOMETRAJE!G$52,IF(G19=50,KILOMETRAJE!G$53,IF(G19=51,KILOMETRAJE!G$54,IF(G19=52,KILOMETRAJE!G$55,IF(G19=53,KILOMETRAJE!G$56,IF(G19=54,KILOMETRAJE!G$57,IF(G19=55,KILOMETRAJE!G$58,IF(G19=56,KILOMETRAJE!G$59,IF(G19=57,KILOMETRAJE!G$60,IF(G19=58,KILOMETRAJE!G$61,IF(G19=59,KILOMETRAJE!G$62,IF(G19=60,KILOMETRAJE!G$63,IF(G19=61,KILOMETRAJE!G$64,IF(G19=62,KILOMETRAJE!G$65,IF(G19=63,KILOMETRAJE!G$66))))))))))))))))))))))))))))))))))))))))))))))))))))))))))))))) -> 425 | M19: 1170.004 | N19: 5 | O19: BS35061 | P19: SAFRAN | Q19: =((((IF(N19=1,((J19)*0.29333)))+(IF(N19=2,((J19)*0.146666)))+(IF(N19=3,((J19)*0.146666)))))+(IF(N19=4,((J19-40)*0.29333)))+(IF(N19=5,((J19-50)*0.29333)))+(IF(N19=6,((J19-90)*0.29333)))) -> 109.99875 | U19: 63 | V19: 61
D20: 2874269-1 | E20: 45938 | F20: 45938 | G20: 3 | H20: =IF(G20=1,KILOMETRAJE!C$4,IF(G20=2,KILOMETRAJE!C$5,IF(G20=3,KILOMETRAJE!C$6,IF(G20=4,KILOMETRAJE!C$7,IF(G20=5,KILOMETRAJE!C$8,IF(G20=6,KILOMETRAJE!C$9,IF(G20=7,KILOMETRAJE!C$10,IF(G20=8,KILOMETRAJE!C$11,IF(G20=9,KILOMETRAJE!C$12,IF(G20=10,KILOMETRAJE!C$13,IF(G20=11,KILOMETRAJE!C$14,IF(G20=12,KILOMETRAJE!C$15,IF(G20=13,KILOMETRAJE!C$16,IF(G20=14,KILOMETRAJE!C$17,IF(G20=15,KILOMETRAJE!C$18,IF(G20=16,KILOMETRAJE!C$19,IF(G20=17,KILOMETRAJE!C$20,IF(G20=18,KILOMETRAJE!C$21,IF(G20=19,KILOMETRAJE!C$22,IF(G20=20,KILOMETRAJE!C$23,IF(G20=21,KILOMETRAJE!C$24,IF(G20=22,KILOMETRAJE!C$25,IF(G20=23,KILOMETRAJE!C$26,IF(G20=24,KILOMETRAJE!C$27,IF(G20=25,KILOMETRAJE!C$28,IF(G20=26,KILOMETRAJE!C$29,IF(G20=27,KILOMETRAJE!C$30,IF(G20=28,KILOMETRAJE!C$31,IF(G20=29,KILOMETRAJE!C$32,IF(G20=30,KILOMETRAJE!C$33,IF(G20=31,KILOMETRAJE!C$34,IF(G20=32,KILOMETRAJE!C$35,IF(G20=33,KILOMETRAJE!C$36,IF(G20=34,KILOMETRAJE!C$37,IF(G20=35,KILOMETRAJE!C$38,IF(G20=36,KILOMETRAJE!C$39,IF(G20=37,KILOMETRAJE!C$40,IF(G20=38,KILOMETRAJE!C$41,IF(G20=39,KILOMETRAJE!C$42,IF(G20=40,KILOMETRAJE!C$43,IF(G20=41,KILOMETRAJE!C$44,IF(G20=42,KILOMETRAJE!C$45,IF(G20=43,KILOMETRAJE!C$46,IF(G20=44,KILOMETRAJE!C$47,IF(G20=45,KILOMETRAJE!C$48,IF(G20=46,KILOMETRAJE!C$49,IF(G20=47,KILOMETRAJE!C$50,IF(G20=48,KILOMETRAJE!C$51,IF(G20=49,KILOMETRAJE!C$52,IF(G20=50,KILOMETRAJE!C$53,IF(G20=51,KILOMETRAJE!C$54,IF(G20=52,KILOMETRAJE!C$55,IF(G20=53,KILOMETRAJE!C$56,IF(G20=54,KILOMETRAJE!C$57,IF(G20=55,KILOMETRAJE!C$58,IF(G20=56,KILOMETRAJE!C$59,IF(G20=57,KILOMETRAJE!C$60,IF(G20=58,KILOMETRAJE!C$61,IF(G20=59,KILOMETRAJE!C$62,IF(G20=60,KILOMETRAJE!C$63,IF(G20=61,KILOMETRAJE!C$64,IF(G20=62,KILOMETRAJE!C$65,IF(G20=63,KILOMETRAJE!C$66))))))))))))))))))))))))))))))))))))))))))))))))))))))))))))))) -> CHIH. | I20: =IF(G20=1,KILOMETRAJE!E$4,IF(G20=2,KILOMETRAJE!E$5,IF(G20=3,KILOMETRAJE!E$6,IF(G20=4,KILOMETRAJE!E$7,IF(G20=5,KILOMETRAJE!E$8,IF(G20=6,KILOMETRAJE!E$9,IF(G20=7,KILOMETRAJE!E$10,IF(G20=8,KILOMETRAJE!E$11,IF(G20=9,KILOMETRAJE!E$12,IF(G20=10,KILOMETRAJE!E$13,IF(G20=11,KILOMETRAJE!E$14,IF(G20=12,KILOMETRAJE!E$15,IF(G20=13,KILOMETRAJE!E$16,IF(G20=14,KILOMETRAJE!E$17,IF(G20=15,KILOMETRAJE!E$18,IF(G20=16,KILOMETRAJE!E$19,IF(G20=17,KILOMETRAJE!E$20,IF(G20=18,KILOMETRAJE!E$21,IF(G20=19,KILOMETRAJE!E$22,IF(G20=20,KILOMETRAJE!E$23,IF(G20=21,KILOMETRAJE!E$24,IF(G20=22,KILOMETRAJE!E$25,IF(G20=23,KILOMETRAJE!E$26,IF(G20=24,KILOMETRAJE!E$27,IF(G20=25,KILOMETRAJE!E$28,IF(G20=26,KILOMETRAJE!E$29,IF(G20=27,KILOMETRAJE!E$30,IF(G20=28,KILOMETRAJE!E$31,IF(G20=29,KILOMETRAJE!E$32,IF(G20=30,KILOMETRAJE!E$33,IF(G20=31,KILOMETRAJE!E$34,IF(G20=32,KILOMETRAJE!E$35,IF(G20=33,KILOMETRAJE!E$36,IF(G20=34,KILOMETRAJE!E$37,IF(G20=35,KILOMETRAJE!E$38,IF(G20=36,KILOMETRAJE!E$39,IF(G20=37,KILOMETRAJE!E$40,IF(G20=38,KILOMETRAJE!E$41,IF(G20=39,KILOMETRAJE!E$42,IF(G20=40,KILOMETRAJE!E$43,IF(G20=41,KILOMETRAJE!E$44,IF(G20=42,KILOMETRAJE!E$45,IF(G20=43,KILOMETRAJE!E$46,IF(G20=44,KILOMETRAJE!E$47,IF(G20=45,KILOMETRAJE!E$48,IF(G20=46,KILOMETRAJE!E$49,IF(G20=47,KILOMETRAJE!E$50,IF(G20=48,KILOMETRAJE!E$51,IF(G20=49,KILOMETRAJE!E$52,IF(G20=50,KILOMETRAJE!E$53,IF(G20=51,KILOMETRAJE!E$54,IF(G20=52,KILOMETRAJE!E$55,IF(G20=53,KILOMETRAJE!E$56,IF(G20=54,KILOMETRAJE!E$57,IF(G20=55,KILOMETRAJE!E$58,IF(G20=56,KILOMETRAJE!E$59,IF(G20=57,KILOMETRAJE!E$60,IF(G20=58,KILOMETRAJE!E$61,IF(G20=59,KILOMETRAJE!E$62,IF(G20=60,KILOMETRAJE!E$63,IF(G20=61,KILOMETRAJE!E$64,IF(G20=62,KILOMETRAJE!E$65,IF(G20=63,KILOMETRAJE!E$66))))))))))))))))))))))))))))))))))))))))))))))))))))))))))))))) -> JRZ | J20: =IF(G20=1,KILOMETRAJE!G$4,IF(G20=2,KILOMETRAJE!G$5,IF(G20=3,KILOMETRAJE!G$6,IF(G20=4,KILOMETRAJE!G$7,IF(G20=5,KILOMETRAJE!G$8,IF(G20=6,KILOMETRAJE!G$9,IF(G20=7,KILOMETRAJE!G$10,IF(G20=8,KILOMETRAJE!G$11,IF(G20=9,KILOMETRAJE!G$12,IF(G20=10,KILOMETRAJE!G$13,IF(G20=11,KILOMETRAJE!G$14,IF(G20=12,KILOMETRAJE!G$15,IF(G20=13,KILOMETRAJE!G$16,IF(G20=14,KILOMETRAJE!G$17,IF(G20=15,KILOMETRAJE!G$18,IF(G20=16,KILOMETRAJE!G$19,IF(G20=17,KILOMETRAJE!G$20,IF(G20=18,KILOMETRAJE!G$21,IF(G20=19,KILOMETRAJE!G$22,IF(G20=20,KILOMETRAJE!G$23,IF(G20=21,KILOMETRAJE!G$24,IF(G20=22,KILOMETRAJE!G$25,IF(G20=23,KILOMETRAJE!G$26,IF(G20=24,KILOMETRAJE!G$27,IF(G20=25,KILOMETRAJE!G$28,IF(G20=26,KILOMETRAJE!G$29,IF(G20=27,KILOMETRAJE!G$30,IF(G20=28,KILOMETRAJE!G$31,IF(G20=29,KILOMETRAJE!G$32,IF(G20=30,KILOMETRAJE!G$33,IF(G20=31,KILOMETRAJE!G$34,IF(G20=32,KILOMETRAJE!G$35,IF(G20=33,KILOMETRAJE!G$36,IF(G20=34,KILOMETRAJE!G$37,IF(G20=35,KILOMETRAJE!G$38,IF(G20=36,KILOMETRAJE!G$39,IF(G20=37,KILOMETRAJE!G$40,IF(G20=38,KILOMETRAJE!G$41,IF(G20=39,KILOMETRAJE!G$42,IF(G20=40,KILOMETRAJE!G$43,IF(G20=41,KILOMETRAJE!G$44,IF(G20=42,KILOMETRAJE!G$45,IF(G20=43,KILOMETRAJE!G$46,IF(G20=44,KILOMETRAJE!G$47,IF(G20=45,KILOMETRAJE!G$48,IF(G20=46,KILOMETRAJE!G$49,IF(G20=47,KILOMETRAJE!G$50,IF(G20=48,KILOMETRAJE!G$51,IF(G20=49,KILOMETRAJE!G$52,IF(G20=50,KILOMETRAJE!G$53,IF(G20=51,KILOMETRAJE!G$54,IF(G20=52,KILOMETRAJE!G$55,IF(G20=53,KILOMETRAJE!G$56,IF(G20=54,KILOMETRAJE!G$57,IF(G20=55,KILOMETRAJE!G$58,IF(G20=56,KILOMETRAJE!G$59,IF(G20=57,KILOMETRAJE!G$60,IF(G20=58,KILOMETRAJE!G$61,IF(G20=59,KILOMETRAJE!G$62,IF(G20=60,KILOMETRAJE!G$63,IF(G20=61,KILOMETRAJE!G$64,IF(G20=62,KILOMETRAJE!G$65,IF(G20=63,KILOMETRAJE!G$66))))))))))))))))))))))))))))))))))))))))))))))))))))))))))))))) -> 375 | K20: 215.999 | L20: =SUM(J19:J20)/K20 -> 3.7037209 | M20: 0 | N20: 3 | P20: SOTELO | Q20: =((((IF(N20=1,((J20)*0.29333)))+(IF(N20=2,((J20)*0.146666)))+(IF(N20=3,((J20)*0.146666)))))+(IF(N20=4,((J20-40)*0.29333)))+(IF(N20=5,((J20-50)*0.29333)))+(IF(N20=6,((J20-90)*0.29333)))) -> 54.99975 | R20: =+LOOKUP(P41,UNIDADES!B$3:B$59,UNIDADES!C$3:C$59) -> 2.37341 | S20: =+((SUM(J19:J20))/R20)-K20 -> 121.06876 | T20: =+S20*14.85 -> 1797.8711 | U20: NA | V20: NA
C21: 45920 | D21: 2874371-3 | E21: 45938 | F21: 45939 | G21: 2 | H21: =IF(G21=1,KILOMETRAJE!C$4,IF(G21=2,KILOMETRAJE!C$5,IF(G21=3,KILOMETRAJE!C$6,IF(G21=4,KILOMETRAJE!C$7,IF(G21=5,KILOMETRAJE!C$8,IF(G21=6,KILOMETRAJE!C$9,IF(G21=7,KILOMETRAJE!C$10,IF(G21=8,KILOMETRAJE!C$11,IF(G21=9,KILOMETRAJE!C$12,IF(G21=10,KILOMETRAJE!C$13,IF(G21=11,KILOMETRAJE!C$14,IF(G21=12,KILOMETRAJE!C$15,IF(G21=13,KILOMETRAJE!C$16,IF(G21=14,KILOMETRAJE!C$17,IF(G21=15,KILOMETRAJE!C$18,IF(G21=16,KILOMETRAJE!C$19,IF(G21=17,KILOMETRAJE!C$20,IF(G21=18,KILOMETRAJE!C$21,IF(G21=19,KILOMETRAJE!C$22,IF(G21=20,KILOMETRAJE!C$23,IF(G21=21,KILOMETRAJE!C$24,IF(G21=22,KILOMETRAJE!C$25,IF(G21=23,KILOMETRAJE!C$26,IF(G21=24,KILOMETRAJE!C$27,IF(G21=25,KILOMETRAJE!C$28,IF(G21=26,KILOMETRAJE!C$29,IF(G21=27,KILOMETRAJE!C$30,IF(G21=28,KILOMETRAJE!C$31,IF(G21=29,KILOMETRAJE!C$32,IF(G21=30,KILOMETRAJE!C$33,IF(G21=31,KILOMETRAJE!C$34,IF(G21=32,KILOMETRAJE!C$35,IF(G21=33,KILOMETRAJE!C$36,IF(G21=34,KILOMETRAJE!C$37,IF(G21=35,KILOMETRAJE!C$38,IF(G21=36,KILOMETRAJE!C$39,IF(G21=37,KILOMETRAJE!C$40,IF(G21=38,KILOMETRAJE!C$41,IF(G21=39,KILOMETRAJE!C$42,IF(G21=40,KILOMETRAJE!C$43,IF(G21=41,KILOMETRAJE!C$44,IF(G21=42,KILOMETRAJE!C$45,IF(G21=43,KILOMETRAJE!C$46,IF(G21=44,KILOMETRAJE!C$47,IF(G21=45,KILOMETRAJE!C$48,IF(G21=46,KILOMETRAJE!C$49,IF(G21=47,KILOMETRAJE!C$50,IF(G21=48,KILOMETRAJE!C$51,IF(G21=49,KILOMETRAJE!C$52,IF(G21=50,KILOMETRAJE!C$53,IF(G21=51,KILOMETRAJE!C$54,IF(G21=52,KILOMETRAJE!C$55,IF(G21=53,KILOMETRAJE!C$56,IF(G21=54,KILOMETRAJE!C$57,IF(G21=55,KILOMETRAJE!C$58,IF(G21=56,KILOMETRAJE!C$59,IF(G21=57,KILOMETRAJE!C$60,IF(G21=58,KILOMETRAJE!C$61,IF(G21=59,KILOMETRAJE!C$62,IF(G21=60,KILOMETRAJE!C$63,IF(G21=61,KILOMETRAJE!C$64,IF(G21=62,KILOMETRAJE!C$65,IF(G21=63,KILOMETRAJE!C$66))))))))))))))))))))))))))))))))))))))))))))))))))))))))))))))) -> JRZ | I21: =IF(G21=1,KILOMETRAJE!E$4,IF(G21=2,KILOMETRAJE!E$5,IF(G21=3,KILOMETRAJE!E$6,IF(G21=4,KILOMETRAJE!E$7,IF(G21=5,KILOMETRAJE!E$8,IF(G21=6,KILOMETRAJE!E$9,IF(G21=7,KILOMETRAJE!E$10,IF(G21=8,KILOMETRAJE!E$11,IF(G21=9,KILOMETRAJE!E$12,IF(G21=10,KILOMETRAJE!E$13,IF(G21=11,KILOMETRAJE!E$14,IF(G21=12,KILOMETRAJE!E$15,IF(G21=13,KILOMETRAJE!E$16,IF(G21=14,KILOMETRAJE!E$17,IF(G21=15,KILOMETRAJE!E$18,IF(G21=16,KILOMETRAJE!E$19,IF(G21=17,KILOMETRAJE!E$20,IF(G21=18,KILOMETRAJE!E$21,IF(G21=19,KILOMETRAJE!E$22,IF(G21=20,KILOMETRAJE!E$23,IF(G21=21,KILOMETRAJE!E$24,IF(G21=22,KILOMETRAJE!E$25,IF(G21=23,KILOMETRAJE!E$26,IF(G21=24,KILOMETRAJE!E$27,IF(G21=25,KILOMETRAJE!E$28,IF(G21=26,KILOMETRAJE!E$29,IF(G21=27,KILOMETRAJE!E$30,IF(G21=28,KILOMETRAJE!E$31,IF(G21=29,KILOMETRAJE!E$32,IF(G21=30,KILOMETRAJE!E$33,IF(G21=31,KILOMETRAJE!E$34,IF(G21=32,KILOMETRAJE!E$35,IF(G21=33,KILOMETRAJE!E$36,IF(G21=34,KILOMETRAJE!E$37,IF(G21=35,KILOMETRAJE!E$38,IF(G21=36,KILOMETRAJE!E$39,IF(G21=37,KILOMETRAJE!E$40,IF(G21=38,KILOMETRAJE!E$41,IF(G21=39,KILOMETRAJE!E$42,IF(G21=40,KILOMETRAJE!E$43,IF(G21=41,KILOMETRAJE!E$44,IF(G21=42,KILOMETRAJE!E$45,IF(G21=43,KILOMETRAJE!E$46,IF(G21=44,KILOMETRAJE!E$47,IF(G21=45,KILOMETRAJE!E$48,IF(G21=46,KILOMETRAJE!E$49,IF(G21=47,KILOMETRAJE!E$50,IF(G21=48,KILOMETRAJE!E$51,IF(G21=49,KILOMETRAJE!E$52,IF(G21=50,KILOMETRAJE!E$53,IF(G21=51,KILOMETRAJE!E$54,IF(G21=52,KILOMETRAJE!E$55,IF(G21=53,KILOMETRAJE!E$56,IF(G21=54,KILOMETRAJE!E$57,IF(G21=55,KILOMETRAJE!E$58,IF(G21=56,KILOMETRAJE!E$59,IF(G21=57,KILOMETRAJE!E$60,IF(G21=58,KILOMETRAJE!E$61,IF(G21=59,KILOMETRAJE!E$62,IF(G21=60,KILOMETRAJE!E$63,IF(G21=61,KILOMETRAJE!E$64,IF(G21=62,KILOMETRAJE!E$65,IF(G21=63,KILOMETRAJE!E$66))))))))))))))))))))))))))))))))))))))))))))))))))))))))))))))) -> CHIH. | J21: =IF(G21=1,KILOMETRAJE!G$4,IF(G21=2,KILOMETRAJE!G$5,IF(G21=3,KILOMETRAJE!G$6,IF(G21=4,KILOMETRAJE!G$7,IF(G21=5,KILOMETRAJE!G$8,IF(G21=6,KILOMETRAJE!G$9,IF(G21=7,KILOMETRAJE!G$10,IF(G21=8,KILOMETRAJE!G$11,IF(G21=9,KILOMETRAJE!G$12,IF(G21=10,KILOMETRAJE!G$13,IF(G21=11,KILOMETRAJE!G$14,IF(G21=12,KILOMETRAJE!G$15,IF(G21=13,KILOMETRAJE!G$16,IF(G21=14,KILOMETRAJE!G$17,IF(G21=15,KILOMETRAJE!G$18,IF(G21=16,KILOMETRAJE!G$19,IF(G21=17,KILOMETRAJE!G$20,IF(G21=18,KILOMETRAJE!G$21,IF(G21=19,KILOMETRAJE!G$22,IF(G21=20,KILOMETRAJE!G$23,IF(G21=21,KILOMETRAJE!G$24,IF(G21=22,KILOMETRAJE!G$25,IF(G21=23,KILOMETRAJE!G$26,IF(G21=24,KILOMETRAJE!G$27,IF(G21=25,KILOMETRAJE!G$28,IF(G21=26,KILOMETRAJE!G$29,IF(G21=27,KILOMETRAJE!G$30,IF(G21=28,KILOMETRAJE!G$31,IF(G21=29,KILOMETRAJE!G$32,IF(G21=30,KILOMETRAJE!G$33,IF(G21=31,KILOMETRAJE!G$34,IF(G21=32,KILOMETRAJE!G$35,IF(G21=33,KILOMETRAJE!G$36,IF(G21=34,KILOMETRAJE!G$37,IF(G21=35,KILOMETRAJE!G$38,IF(G21=36,KILOMETRAJE!G$39,IF(G21=37,KILOMETRAJE!G$40,IF(G21=38,KILOMETRAJE!G$41,IF(G21=39,KILOMETRAJE!G$42,IF(G21=40,KILOMETRAJE!G$43,IF(G21=41,KILOMETRAJE!G$44,IF(G21=42,KILOMETRAJE!G$45,IF(G21=43,KILOMETRAJE!G$46,IF(G21=44,KILOMETRAJE!G$47,IF(G21=45,KILOMETRAJE!G$48,IF(G21=46,KILOMETRAJE!G$49,IF(G21=47,KILOMETRAJE!G$50,IF(G21=48,KILOMETRAJE!G$51,IF(G21=49,KILOMETRAJE!G$52,IF(G21=50,KILOMETRAJE!G$53,IF(G21=51,KILOMETRAJE!G$54,IF(G21=52,KILOMETRAJE!G$55,IF(G21=53,KILOMETRAJE!G$56,IF(G21=54,KILOMETRAJE!G$57,IF(G21=55,KILOMETRAJE!G$58,IF(G21=56,KILOMETRAJE!G$59,IF(G21=57,KILOMETRAJE!G$60,IF(G21=58,KILOMETRAJE!G$61,IF(G21=59,KILOMETRAJE!G$62,IF(G21=60,KILOMETRAJE!G$63,IF(G21=61,KILOMETRAJE!G$64,IF(G21=62,KILOMETRAJE!G$65,IF(G21=63,KILOMETRAJE!G$66))))))))))))))))))))))))))))))))))))))))))))))))))))))))))))))) -> 375 | M21: 3962.91 | N21: 1 | O21: FSA30487 | P21: G. AMERICAN | Q21: =((((IF(N21=1,((J21)*0.29333)))+(IF(N21=2,((J21)*0.146666)))+(IF(N21=3,((J21)*0.146666)))))+(IF(N21=4,((J21-40)*0.29333)))+(IF(N21=5,((J21-50)*0.29333)))+(IF(N21=6,((J21-90)*0.29333)))) -> 109.99875 | U21: 63 | V21: 61
D22: 2874547-2 | E22: 45939 | F22: 45939 | G22: 3 | H22: =IF(G22=1,KILOMETRAJE!C$4,IF(G22=2,KILOMETRAJE!C$5,IF(G22=3,KILOMETRAJE!C$6,IF(G22=4,KILOMETRAJE!C$7,IF(G22=5,KILOMETRAJE!C$8,IF(G22=6,KILOMETRAJE!C$9,IF(G22=7,KILOMETRAJE!C$10,IF(G22=8,KILOMETRAJE!C$11,IF(G22=9,KILOMETRAJE!C$12,IF(G22=10,KILOMETRAJE!C$13,IF(G22=11,KILOMETRAJE!C$14,IF(G22=12,KILOMETRAJE!C$15,IF(G22=13,KILOMETRAJE!C$16,IF(G22=14,KILOMETRAJE!C$17,IF(G22=15,KILOMETRAJE!C$18,IF(G22=16,KILOMETRAJE!C$19,IF(G22=17,KILOMETRAJE!C$20,IF(G22=18,KILOMETRAJE!C$21,IF(G22=19,KILOMETRAJE!C$22,IF(G22=20,KILOMETRAJE!C$23,IF(G22=21,KILOMETRAJE!C$24,IF(G22=22,KILOMETRAJE!C$25,IF(G22=23,KILOMETRAJE!C$26,IF(G22=24,KILOMETRAJE!C$27,IF(G22=25,KILOMETRAJE!C$28,IF(G22=26,KILOMETRAJE!C$29,IF(G22=27,KILOMETRAJE!C$30,IF(G22=28,KILOMETRAJE!C$31,IF(G22=29,KILOMETRAJE!C$32,IF(G22=30,KILOMETRAJE!C$33,IF(G22=31,KILOMETRAJE!C$34,IF(G22=32,KILOMETRAJE!C$35,IF(G22=33,KILOMETRAJE!C$36,IF(G22=34,KILOMETRAJE!C$37,IF(G22=35,KILOMETRAJE!C$38,IF(G22=36,KILOMETRAJE!C$39,IF(G22=37,KILOMETRAJE!C$40,IF(G22=38,KILOMETRAJE!C$41,IF(G22=39,KILOMETRAJE!C$42,IF(G22=40,KILOMETRAJE!C$43,IF(G22=41,KILOMETRAJE!C$44,IF(G22=42,KILOMETRAJE!C$45,IF(G22=43,KILOMETRAJE!C$46,IF(G22=44,KILOMETRAJE!C$47,IF(G22=45,KILOMETRAJE!C$48,IF(G22=46,KILOMETRAJE!C$49,IF(G22=47,KILOMETRAJE!C$50,IF(G22=48,KILOMETRAJE!C$51,IF(G22=49,KILOMETRAJE!C$52,IF(G22=50,KILOMETRAJE!C$53,IF(G22=51,KILOMETRAJE!C$54,IF(G22=52,KILOMETRAJE!C$55,IF(G22=53,KILOMETRAJE!C$56,IF(G22=54,KILOMETRAJE!C$57,IF(G22=55,KILOMETRAJE!C$58,IF(G22=56,KILOMETRAJE!C$59,IF(G22=57,KILOMETRAJE!C$60,IF(G22=58,KILOMETRAJE!C$61,IF(G22=59,KILOMETRAJE!C$62,IF(G22=60,KILOMETRAJE!C$63,IF(G22=61,KILOMETRAJE!C$64,IF(G22=62,KILOMETRAJE!C$65,IF(G22=63,KILOMETRAJE!C$66))))))))))))))))))))))))))))))))))))))))))))))))))))))))))))))) -> CHIH. | I22: =IF(G22=1,KILOMETRAJE!E$4,IF(G22=2,KILOMETRAJE!E$5,IF(G22=3,KILOMETRAJE!E$6,IF(G22=4,KILOMETRAJE!E$7,IF(G22=5,KILOMETRAJE!E$8,IF(G22=6,KILOMETRAJE!E$9,IF(G22=7,KILOMETRAJE!E$10,IF(G22=8,KILOMETRAJE!E$11,IF(G22=9,KILOMETRAJE!E$12,IF(G22=10,KILOMETRAJE!E$13,IF(G22=11,KILOMETRAJE!E$14,IF(G22=12,KILOMETRAJE!E$15,IF(G22=13,KILOMETRAJE!E$16,IF(G22=14,KILOMETRAJE!E$17,IF(G22=15,KILOMETRAJE!E$18,IF(G22=16,KILOMETRAJE!E$19,IF(G22=17,KILOMETRAJE!E$20,IF(G22=18,KILOMETRAJE!E$21,IF(G22=19,KILOMETRAJE!E$22,IF(G22=20,KILOMETRAJE!E$23,IF(G22=21,KILOMETRAJE!E$24,IF(G22=22,KILOMETRAJE!E$25,IF(G22=23,KILOMETRAJE!E$26,IF(G22=24,KILOMETRAJE!E$27,IF(G22=25,KILOMETRAJE!E$28,IF(G22=26,KILOMETRAJE!E$29,IF(G22=27,KILOMETRAJE!E$30,IF(G22=28,KILOMETRAJE!E$31,IF(G22=29,KILOMETRAJE!E$32,IF(G22=30,KILOMETRAJE!E$33,IF(G22=31,KILOMETRAJE!E$34,IF(G22=32,KILOMETRAJE!E$35,IF(G22=33,KILOMETRAJE!E$36,IF(G22=34,KILOMETRAJE!E$37,IF(G22=35,KILOMETRAJE!E$38,IF(G22=36,KILOMETRAJE!E$39,IF(G22=37,KILOMETRAJE!E$40,IF(G22=38,KILOMETRAJE!E$41,IF(G22=39,KILOMETRAJE!E$42,IF(G22=40,KILOMETRAJE!E$43,IF(G22=41,KILOMETRAJE!E$44,IF(G22=42,KILOMETRAJE!E$45,IF(G22=43,KILOMETRAJE!E$46,IF(G22=44,KILOMETRAJE!E$47,IF(G22=45,KILOMETRAJE!E$48,IF(G22=46,KILOMETRAJE!E$49,IF(G22=47,KILOMETRAJE!E$50,IF(G22=48,KILOMETRAJE!E$51,IF(G22=49,KILOMETRAJE!E$52,IF(G22=50,KILOMETRAJE!E$53,IF(G22=51,KILOMETRAJE!E$54,IF(G22=52,KILOMETRAJE!E$55,IF(G22=53,KILOMETRAJE!E$56,IF(G22=54,KILOMETRAJE!E$57,IF(G22=55,KILOMETRAJE!E$58,IF(G22=56,KILOMETRAJE!E$59,IF(G22=57,KILOMETRAJE!E$60,IF(G22=58,KILOMETRAJE!E$61,IF(G22=59,KILOMETRAJE!E$62,IF(G22=60,KILOMETRAJE!E$63,IF(G22=61,KILOMETRAJE!E$64,IF(G22=62,KILOMETRAJE!E$65,IF(G22=63,KILOMETRAJE!E$66))))))))))))))))))))))))))))))))))))))))))))))))))))))))))))))) -> JRZ | J22: =IF(G22=1,KILOMETRAJE!G$4,IF(G22=2,KILOMETRAJE!G$5,IF(G22=3,KILOMETRAJE!G$6,IF(G22=4,KILOMETRAJE!G$7,IF(G22=5,KILOMETRAJE!G$8,IF(G22=6,KILOMETRAJE!G$9,IF(G22=7,KILOMETRAJE!G$10,IF(G22=8,KILOMETRAJE!G$11,IF(G22=9,KILOMETRAJE!G$12,IF(G22=10,KILOMETRAJE!G$13,IF(G22=11,KILOMETRAJE!G$14,IF(G22=12,KILOMETRAJE!G$15,IF(G22=13,KILOMETRAJE!G$16,IF(G22=14,KILOMETRAJE!G$17,IF(G22=15,KILOMETRAJE!G$18,IF(G22=16,KILOMETRAJE!G$19,IF(G22=17,KILOMETRAJE!G$20,IF(G22=18,KILOMETRAJE!G$21,IF(G22=19,KILOMETRAJE!G$22,IF(G22=20,KILOMETRAJE!G$23,IF(G22=21,KILOMETRAJE!G$24,IF(G22=22,KILOMETRAJE!G$25,IF(G22=23,KILOMETRAJE!G$26,IF(G22=24,KILOMETRAJE!G$27,IF(G22=25,KILOMETRAJE!G$28,IF(G22=26,KILOMETRAJE!G$29,IF(G22=27,KILOMETRAJE!G$30,IF(G22=28,KILOMETRAJE!G$31,IF(G22=29,KILOMETRAJE!G$32,IF(G22=30,KILOMETRAJE!G$33,IF(G22=31,KILOMETRAJE!G$34,IF(G22=32,KILOMETRAJE!G$35,IF(G22=33,KILOMETRAJE!G$36,IF(G22=34,KILOMETRAJE!G$37,IF(G22=35,KILOMETRAJE!G$38,IF(G22=36,KILOMETRAJE!G$39,IF(G22=37,KILOMETRAJE!G$40,IF(G22=38,KILOMETRAJE!G$41,IF(G22=39,KILOMETRAJE!G$42,IF(G22=40,KILOMETRAJE!G$43,IF(G22=41,KILOMETRAJE!G$44,IF(G22=42,KILOMETRAJE!G$45,IF(G22=43,KILOMETRAJE!G$46,IF(G22=44,KILOMETRAJE!G$47,IF(G22=45,KILOMETRAJE!G$48,IF(G22=46,KILOMETRAJE!G$49,IF(G22=47,KILOMETRAJE!G$50,IF(G22=48,KILOMETRAJE!G$51,IF(G22=49,KILOMETRAJE!G$52,IF(G22=50,KILOMETRAJE!G$53,IF(G22=51,KILOMETRAJE!G$54,IF(G22=52,KILOMETRAJE!G$55,IF(G22=53,KILOMETRAJE!G$56,IF(G22=54,KILOMETRAJE!G$57,IF(G22=55,KILOMETRAJE!G$58,IF(G22=56,KILOMETRAJE!G$59,IF(G22=57,KILOMETRAJE!G$60,IF(G22=58,KILOMETRAJE!G$61,IF(G22=59,KILOMETRAJE!G$62,IF(G22=60,KILOMETRAJE!G$63,IF(G22=61,KILOMETRAJE!G$64,IF(G22=62,KILOMETRAJE!G$65,IF(G22=63,KILOMETRAJE!G$66))))))))))))))))))))))))))))))))))))))))))))))))))))))))))))))) -> 375 | K22: 236.031 | L22: =SUM(J21:J22)/K22 -> 3.1775487 | M22: 2736.21 | N22: 1 | O22: 53503 | P22: XYLEM | Q22: =((((IF(N22=1,((J22)*0.29333)))+(IF(N22=2,((J22)*0.146666)))+(IF(N22=3,((J22)*0.146666)))))+(IF(N22=4,((J22-40)*0.29333)))+(IF(N22=5,((J22-50)*0.29333)))+(IF(N22=6,((J22-90)*0.29333)))) -> 109.99875 | R22: =+LOOKUP(P42,UNIDADES!B$3:B$59,UNIDADES!C$3:C$59) -> 2.37341 | S22: =+((SUM(J21:J22))/R22)-K22 -> 79.970028 | T22: =+S22*14.85 -> 1187.5549 | U22: NA | V22: NA
C23: 45931 | D23: 2874609-4 | E23: 45939 | F23: 45940 | G23: 2 | H23: =IF(G23=1,KILOMETRAJE!C$4,IF(G23=2,KILOMETRAJE!C$5,IF(G23=3,KILOMETRAJE!C$6,IF(G23=4,KILOMETRAJE!C$7,IF(G23=5,KILOMETRAJE!C$8,IF(G23=6,KILOMETRAJE!C$9,IF(G23=7,KILOMETRAJE!C$10,IF(G23=8,KILOMETRAJE!C$11,IF(G23=9,KILOMETRAJE!C$12,IF(G23=10,KILOMETRAJE!C$13,IF(G23=11,KILOMETRAJE!C$14,IF(G23=12,KILOMETRAJE!C$15,IF(G23=13,KILOMETRAJE!C$16,IF(G23=14,KILOMETRAJE!C$17,IF(G23=15,KILOMETRAJE!C$18,IF(G23=16,KILOMETRAJE!C$19,IF(G23=17,KILOMETRAJE!C$20,IF(G23=18,KILOMETRAJE!C$21,IF(G23=19,KILOMETRAJE!C$22,IF(G23=20,KILOMETRAJE!C$23,IF(G23=21,KILOMETRAJE!C$24,IF(G23=22,KILOMETRAJE!C$25,IF(G23=23,KILOMETRAJE!C$26,IF(G23=24,KILOMETRAJE!C$27,IF(G23=25,KILOMETRAJE!C$28,IF(G23=26,KILOMETRAJE!C$29,IF(G23=27,KILOMETRAJE!C$30,IF(G23=28,KILOMETRAJE!C$31,IF(G23=29,KILOMETRAJE!C$32,IF(G23=30,KILOMETRAJE!C$33,IF(G23=31,KILOMETRAJE!C$34,IF(G23=32,KILOMETRAJE!C$35,IF(G23=33,KILOMETRAJE!C$36,IF(G23=34,KILOMETRAJE!C$37,IF(G23=35,KILOMETRAJE!C$38,IF(G23=36,KILOMETRAJE!C$39,IF(G23=37,KILOMETRAJE!C$40,IF(G23=38,KILOMETRAJE!C$41,IF(G23=39,KILOMETRAJE!C$42,IF(G23=40,KILOMETRAJE!C$43,IF(G23=41,KILOMETRAJE!C$44,IF(G23=42,KILOMETRAJE!C$45,IF(G23=43,KILOMETRAJE!C$46,IF(G23=44,KILOMETRAJE!C$47,IF(G23=45,KILOMETRAJE!C$48,IF(G23=46,KILOMETRAJE!C$49,IF(G23=47,KILOMETRAJE!C$50,IF(G23=48,KILOMETRAJE!C$51,IF(G23=49,KILOMETRAJE!C$52,IF(G23=50,KILOMETRAJE!C$53,IF(G23=51,KILOMETRAJE!C$54,IF(G23=52,KILOMETRAJE!C$55,IF(G23=53,KILOMETRAJE!C$56,IF(G23=54,KILOMETRAJE!C$57,IF(G23=55,KILOMETRAJE!C$58,IF(G23=56,KILOMETRAJE!C$59,IF(G23=57,KILOMETRAJE!C$60,IF(G23=58,KILOMETRAJE!C$61,IF(G23=59,KILOMETRAJE!C$62,IF(G23=60,KILOMETRAJE!C$63,IF(G23=61,KILOMETRAJE!C$64,IF(G23=62,KILOMETRAJE!C$65,IF(G23=63,KILOMETRAJE!C$66))))))))))))))))))))))))))))))))))))))))))))))))))))))))))))))) -> JRZ | I23: =IF(G23=1,KILOMETRAJE!E$4,IF(G23=2,KILOMETRAJE!E$5,IF(G23=3,KILOMETRAJE!E$6,IF(G23=4,KILOMETRAJE!E$7,IF(G23=5,KILOMETRAJE!E$8,IF(G23=6,KILOMETRAJE!E$9,IF(G23=7,KILOMETRAJE!E$10,IF(G23=8,KILOMETRAJE!E$11,IF(G23=9,KILOMETRAJE!E$12,IF(G23=10,KILOMETRAJE!E$13,IF(G23=11,KILOMETRAJE!E$14,IF(G23=12,KILOMETRAJE!E$15,IF(G23=13,KILOMETRAJE!E$16,IF(G23=14,KILOMETRAJE!E$17,IF(G23=15,KILOMETRAJE!E$18,IF(G23=16,KILOMETRAJE!E$19,IF(G23=17,KILOMETRAJE!E$20,IF(G23=18,KILOMETRAJE!E$21,IF(G23=19,KILOMETRAJE!E$22,IF(G23=20,KILOMETRAJE!E$23,IF(G23=21,KILOMETRAJE!E$24,IF(G23=22,KILOMETRAJE!E$25,IF(G23=23,KILOMETRAJE!E$26,IF(G23=24,KILOMETRAJE!E$27,IF(G23=25,KILOMETRAJE!E$28,IF(G23=26,KILOMETRAJE!E$29,IF(G23=27,KILOMETRAJE!E$30,IF(G23=28,KILOMETRAJE!E$31,IF(G23=29,KILOMETRAJE!E$32,IF(G23=30,KILOMETRAJE!E$33,IF(G23=31,KILOMETRAJE!E$34,IF(G23=32,KILOMETRAJE!E$35,IF(G23=33,KILOMETRAJE!E$36,IF(G23=34,KILOMETRAJE!E$37,IF(G23=35,KILOMETRAJE!E$38,IF(G23=36,KILOMETRAJE!E$39,IF(G23=37,KILOMETRAJE!E$40,IF(G23=38,KILOMETRAJE!E$41,IF(G23=39,KILOMETRAJE!E$42,IF(G23=40,KILOMETRAJE!E$43,IF(G23=41,KILOMETRAJE!E$44,IF(G23=42,KILOMETRAJE!E$45,IF(G23=43,KILOMETRAJE!E$46,IF(G23=44,KILOMETRAJE!E$47,IF(G23=45,KILOMETRAJE!E$48,IF(G23=46,KILOMETRAJE!E$49,IF(G23=47,KILOMETRAJE!E$50,IF(G23=48,KILOMETRAJE!E$51,IF(G23=49,KILOMETRAJE!E$52,IF(G23=50,KILOMETRAJE!E$53,IF(G23=51,KILOMETRAJE!E$54,IF(G23=52,KILOMETRAJE!E$55,IF(G23=53,KILOMETRAJE!E$56,IF(G23=54,KILOMETRAJE!E$57,IF(G23=55,KILOMETRAJE!E$58,IF(G23=56,KILOMETRAJE!E$59,IF(G23=57,KILOMETRAJE!E$60,IF(G23=58,KILOMETRAJE!E$61,IF(G23=59,KILOMETRAJE!E$62,IF(G23=60,KILOMETRAJE!E$63,IF(G23=61,KILOMETRAJE!E$64,IF(G23=62,KILOMETRAJE!E$65,IF(G23=63,KILOMETRAJE!E$66))))))))))))))))))))))))))))))))))))))))))))))))))))))))))))))) -> CHIH. | J23: =IF(G23=1,KILOMETRAJE!G$4,IF(G23=2,KILOMETRAJE!G$5,IF(G23=3,KILOMETRAJE!G$6,IF(G23=4,KILOMETRAJE!G$7,IF(G23=5,KILOMETRAJE!G$8,IF(G23=6,KILOMETRAJE!G$9,IF(G23=7,KILOMETRAJE!G$10,IF(G23=8,KILOMETRAJE!G$11,IF(G23=9,KILOMETRAJE!G$12,IF(G23=10,KILOMETRAJE!G$13,IF(G23=11,KILOMETRAJE!G$14,IF(G23=12,KILOMETRAJE!G$15,IF(G23=13,KILOMETRAJE!G$16,IF(G23=14,KILOMETRAJE!G$17,IF(G23=15,KILOMETRAJE!G$18,IF(G23=16,KILOMETRAJE!G$19,IF(G23=17,KILOMETRAJE!G$20,IF(G23=18,KILOMETRAJE!G$21,IF(G23=19,KILOMETRAJE!G$22,IF(G23=20,KILOMETRAJE!G$23,IF(G23=21,KILOMETRAJE!G$24,IF(G23=22,KILOMETRAJE!G$25,IF(G23=23,KILOMETRAJE!G$26,IF(G23=24,KILOMETRAJE!G$27,IF(G23=25,KILOMETRAJE!G$28,IF(G23=26,KILOMETRAJE!G$29,IF(G23=27,KILOMETRAJE!G$30,IF(G23=28,KILOMETRAJE!G$31,IF(G23=29,KILOMETRAJE!G$32,IF(G23=30,KILOMETRAJE!G$33,IF(G23=31,KILOMETRAJE!G$34,IF(G23=32,KILOMETRAJE!G$35,IF(G23=33,KILOMETRAJE!G$36,IF(G23=34,KILOMETRAJE!G$37,IF(G23=35,KILOMETRAJE!G$38,IF(G23=36,KILOMETRAJE!G$39,IF(G23=37,KILOMETRAJE!G$40,IF(G23=38,KILOMETRAJE!G$41,IF(G23=39,KILOMETRAJE!G$42,IF(G23=40,KILOMETRAJE!G$43,IF(G23=41,KILOMETRAJE!G$44,IF(G23=42,KILOMETRAJE!G$45,IF(G23=43,KILOMETRAJE!G$46,IF(G23=44,KILOMETRAJE!G$47,IF(G23=45,KILOMETRAJE!G$48,IF(G23=46,KILOMETRAJE!G$49,IF(G23=47,KILOMETRAJE!G$50,IF(G23=48,KILOMETRAJE!G$51,IF(G23=49,KILOMETRAJE!G$52,IF(G23=50,KILOMETRAJE!G$53,IF(G23=51,KILOMETRAJE!G$54,IF(G23=52,KILOMETRAJE!G$55,IF(G23=53,KILOMETRAJE!G$56,IF(G23=54,KILOMETRAJE!G$57,IF(G23=55,KILOMETRAJE!G$58,IF(G23=56,KILOMETRAJE!G$59,IF(G23=57,KILOMETRAJE!G$60,IF(G23=58,KILOMETRAJE!G$61,IF(G23=59,KILOMETRAJE!G$62,IF(G23=60,KILOMETRAJE!G$63,IF(G23=61,KILOMETRAJE!G$64,IF(G23=62,KILOMETRAJE!G$65,IF(G23=63,KILOMETRAJE!G$66))))))))))))))))))))))))))))))))))))))))))))))))))))))))))))))) -> 375 | M23: 1073.67 | N23: 1 | O23: SS35044 | P23: XYLEM | Q23: =((((IF(N23=1,((J23)*0.29333)))+(IF(N23=2,((J23)*0.146666)))+(IF(N23=3,((J23)*0.146666)))))+(IF(N23=4,((J23-40)*0.29333)))+(IF(N23=5,((J23-50)*0.29333)))+(IF(N23=6,((J23-90)*0.29333)))) -> 109.99875 | U23: 61 | V23: 61
D24: 2874845-2 | E24: 45940 | F24: 45940 | G24: 3 | H24: =IF(G24=1,KILOMETRAJE!C$4,IF(G24=2,KILOMETRAJE!C$5,IF(G24=3,KILOMETRAJE!C$6,IF(G24=4,KILOMETRAJE!C$7,IF(G24=5,KILOMETRAJE!C$8,IF(G24=6,KILOMETRAJE!C$9,IF(G24=7,KILOMETRAJE!C$10,IF(G24=8,KILOMETRAJE!C$11,IF(G24=9,KILOMETRAJE!C$12,IF(G24=10,KILOMETRAJE!C$13,IF(G24=11,KILOMETRAJE!C$14,IF(G24=12,KILOMETRAJE!C$15,IF(G24=13,KILOMETRAJE!C$16,IF(G24=14,KILOMETRAJE!C$17,IF(G24=15,KILOMETRAJE!C$18,IF(G24=16,KILOMETRAJE!C$19,IF(G24=17,KILOMETRAJE!C$20,IF(G24=18,KILOMETRAJE!C$21,IF(G24=19,KILOMETRAJE!C$22,IF(G24=20,KILOMETRAJE!C$23,IF(G24=21,KILOMETRAJE!C$24,IF(G24=22,KILOMETRAJE!C$25,IF(G24=23,KILOMETRAJE!C$26,IF(G24=24,KILOMETRAJE!C$27,IF(G24=25,KILOMETRAJE!C$28,IF(G24=26,KILOMETRAJE!C$29,IF(G24=27,KILOMETRAJE!C$30,IF(G24=28,KILOMETRAJE!C$31,IF(G24=29,KILOMETRAJE!C$32,IF(G24=30,KILOMETRAJE!C$33,IF(G24=31,KILOMETRAJE!C$34,IF(G24=32,KILOMETRAJE!C$35,IF(G24=33,KILOMETRAJE!C$36,IF(G24=34,KILOMETRAJE!C$37,IF(G24=35,KILOMETRAJE!C$38,IF(G24=36,KILOMETRAJE!C$39,IF(G24=37,KILOMETRAJE!C$40,IF(G24=38,KILOMETRAJE!C$41,IF(G24=39,KILOMETRAJE!C$42,IF(G24=40,KILOMETRAJE!C$43,IF(G24=41,KILOMETRAJE!C$44,IF(G24=42,KILOMETRAJE!C$45,IF(G24=43,KILOMETRAJE!C$46,IF(G24=44,KILOMETRAJE!C$47,IF(G24=45,KILOMETRAJE!C$48,IF(G24=46,KILOMETRAJE!C$49,IF(G24=47,KILOMETRAJE!C$50,IF(G24=48,KILOMETRAJE!C$51,IF(G24=49,KILOMETRAJE!C$52,IF(G24=50,KILOMETRAJE!C$53,IF(G24=51,KILOMETRAJE!C$54,IF(G24=52,KILOMETRAJE!C$55,IF(G24=53,KILOMETRAJE!C$56,IF(G24=54,KILOMETRAJE!C$57,IF(G24=55,KILOMETRAJE!C$58,IF(G24=56,KILOMETRAJE!C$59,IF(G24=57,KILOMETRAJE!C$60,IF(G24=58,KILOMETRAJE!C$61,IF(G24=59,KILOMETRAJE!C$62,IF(G24=60,KILOMETRAJE!C$63,IF(G24=61,KILOMETRAJE!C$64,IF(G24=62,KILOMETRAJE!C$65,IF(G24=63,KILOMETRAJE!C$66))))))))))))))))))))))))))))))))))))))))))))))))))))))))))))))) -> CHIH. | I24: =IF(G24=1,KILOMETRAJE!E$4,IF(G24=2,KILOMETRAJE!E$5,IF(G24=3,KILOMETRAJE!E$6,IF(G24=4,KILOMETRAJE!E$7,IF(G24=5,KILOMETRAJE!E$8,IF(G24=6,KILOMETRAJE!E$9,IF(G24=7,KILOMETRAJE!E$10,IF(G24=8,KILOMETRAJE!E$11,IF(G24=9,KILOMETRAJE!E$12,IF(G24=10,KILOMETRAJE!E$13,IF(G24=11,KILOMETRAJE!E$14,IF(G24=12,KILOMETRAJE!E$15,IF(G24=13,KILOMETRAJE!E$16,IF(G24=14,KILOMETRAJE!E$17,IF(G24=15,KILOMETRAJE!E$18,IF(G24=16,KILOMETRAJE!E$19,IF(G24=17,KILOMETRAJE!E$20,IF(G24=18,KILOMETRAJE!E$21,IF(G24=19,KILOMETRAJE!E$22,IF(G24=20,KILOMETRAJE!E$23,IF(G24=21,KILOMETRAJE!E$24,IF(G24=22,KILOMETRAJE!E$25,IF(G24=23,KILOMETRAJE!E$26,IF(G24=24,KILOMETRAJE!E$27,IF(G24=25,KILOMETRAJE!E$28,IF(G24=26,KILOMETRAJE!E$29,IF(G24=27,KILOMETRAJE!E$30,IF(G24=28,KILOMETRAJE!E$31,IF(G24=29,KILOMETRAJE!E$32,IF(G24=30,KILOMETRAJE!E$33,IF(G24=31,KILOMETRAJE!E$34,IF(G24=32,KILOMETRAJE!E$35,IF(G24=33,KILOMETRAJE!E$36,IF(G24=34,KILOMETRAJE!E$37,IF(G24=35,KILOMETRAJE!E$38,IF(G24=36,KILOMETRAJE!E$39,IF(G24=37,KILOMETRAJE!E$40,IF(G24=38,KILOMETRAJE!E$41,IF(G24=39,KILOMETRAJE!E$42,IF(G24=40,KILOMETRAJE!E$43,IF(G24=41,KILOMETRAJE!E$44,IF(G24=42,KILOMETRAJE!E$45,IF(G24=43,KILOMETRAJE!E$46,IF(G24=44,KILOMETRAJE!E$47,IF(G24=45,KILOMETRAJE!E$48,IF(G24=46,KILOMETRAJE!E$49,IF(G24=47,KILOMETRAJE!E$50,IF(G24=48,KILOMETRAJE!E$51,IF(G24=49,KILOMETRAJE!E$52,IF(G24=50,KILOMETRAJE!E$53,IF(G24=51,KILOMETRAJE!E$54,IF(G24=52,KILOMETRAJE!E$55,IF(G24=53,KILOMETRAJE!E$56,IF(G24=54,KILOMETRAJE!E$57,IF(G24=55,KILOMETRAJE!E$58,IF(G24=56,KILOMETRAJE!E$59,IF(G24=57,KILOMETRAJE!E$60,IF(G24=58,KILOMETRAJE!E$61,IF(G24=59,KILOMETRAJE!E$62,IF(G24=60,KILOMETRAJE!E$63,IF(G24=61,KILOMETRAJE!E$64,IF(G24=62,KILOMETRAJE!E$65,IF(G24=63,KILOMETRAJE!E$66))))))))))))))))))))))))))))))))))))))))))))))))))))))))))))))) -> JRZ | J24: =IF(G24=1,KILOMETRAJE!G$4,IF(G24=2,KILOMETRAJE!G$5,IF(G24=3,KILOMETRAJE!G$6,IF(G24=4,KILOMETRAJE!G$7,IF(G24=5,KILOMETRAJE!G$8,IF(G24=6,KILOMETRAJE!G$9,IF(G24=7,KILOMETRAJE!G$10,IF(G24=8,KILOMETRAJE!G$11,IF(G24=9,KILOMETRAJE!G$12,IF(G24=10,KILOMETRAJE!G$13,IF(G24=11,KILOMETRAJE!G$14,IF(G24=12,KILOMETRAJE!G$15,IF(G24=13,KILOMETRAJE!G$16,IF(G24=14,KILOMETRAJE!G$17,IF(G24=15,KILOMETRAJE!G$18,IF(G24=16,KILOMETRAJE!G$19,IF(G24=17,KILOMETRAJE!G$20,IF(G24=18,KILOMETRAJE!G$21,IF(G24=19,KILOMETRAJE!G$22,IF(G24=20,KILOMETRAJE!G$23,IF(G24=21,KILOMETRAJE!G$24,IF(G24=22,KILOMETRAJE!G$25,IF(G24=23,KILOMETRAJE!G$26,IF(G24=24,KILOMETRAJE!G$27,IF(G24=25,KILOMETRAJE!G$28,IF(G24=26,KILOMETRAJE!G$29,IF(G24=27,KILOMETRAJE!G$30,IF(G24=28,KILOMETRAJE!G$31,IF(G24=29,KILOMETRAJE!G$32,IF(G24=30,KILOMETRAJE!G$33,IF(G24=31,KILOMETRAJE!G$34,IF(G24=32,KILOMETRAJE!G$35,IF(G24=33,KILOMETRAJE!G$36,IF(G24=34,KILOMETRAJE!G$37,IF(G24=35,KILOMETRAJE!G$38,IF(G24=36,KILOMETRAJE!G$39,IF(G24=37,KILOMETRAJE!G$40,IF(G24=38,KILOMETRAJE!G$41,IF(G24=39,KILOMETRAJE!G$42,IF(G24=40,KILOMETRAJE!G$43,IF(G24=41,KILOMETRAJE!G$44,IF(G24=42,KILOMETRAJE!G$45,IF(G24=43,KILOMETRAJE!G$46,IF(G24=44,KILOMETRAJE!G$47,IF(G24=45,KILOMETRAJE!G$48,IF(G24=46,KILOMETRAJE!G$49,IF(G24=47,KILOMETRAJE!G$50,IF(G24=48,KILOMETRAJE!G$51,IF(G24=49,KILOMETRAJE!G$52,IF(G24=50,KILOMETRAJE!G$53,IF(G24=51,KILOMETRAJE!G$54,IF(G24=52,KILOMETRAJE!G$55,IF(G24=53,KILOMETRAJE!G$56,IF(G24=54,KILOMETRAJE!G$57,IF(G24=55,KILOMETRAJE!G$58,IF(G24=56,KILOMETRAJE!G$59,IF(G24=57,KILOMETRAJE!G$60,IF(G24=58,KILOMETRAJE!G$61,IF(G24=59,KILOMETRAJE!G$62,IF(G24=60,KILOMETRAJE!G$63,IF(G24=61,KILOMETRAJE!G$64,IF(G24=62,KILOMETRAJE!G$65,IF(G24=63,KILOMETRAJE!G$66))))))))))))))))))))))))))))))))))))))))))))))))))))))))))))))) -> 375 | K24: 216.074 | L24: =SUM(J23:J24)/K24 -> 3.4710331 | M24: 942.74 | N24: 1 | O24: 1056 | P24: LYN LOG. | Q24: =((((IF(N24=1,((J24)*0.29333)))+(IF(N24=2,((J24)*0.146666)))+(IF(N24=3,((J24)*0.146666)))))+(IF(N24=4,((J24-40)*0.29333)))+(IF(N24=5,((J24-50)*0.29333)))+(IF(N24=6,((J24-90)*0.29333)))) -> 109.99875 | R24: =+LOOKUP(P43,UNIDADES!B$3:B$59,UNIDADES!C$3:C$59) -> 2.37341 | S24: =+((SUM(J23:J24))/R24)-K24 -> 99.927028 | T24: =+S24*14.85 -> 1483.9164 | U24: NA | V24: NA
C25: 45964 | D25: 2874872-3 | E25: 45940 | F25: 45941 | G25: 2 | H25: =IF(G25=1,KILOMETRAJE!C$4,IF(G25=2,KILOMETRAJE!C$5,IF(G25=3,KILOMETRAJE!C$6,IF(G25=4,KILOMETRAJE!C$7,IF(G25=5,KILOMETRAJE!C$8,IF(G25=6,KILOMETRAJE!C$9,IF(G25=7,KILOMETRAJE!C$10,IF(G25=8,KILOMETRAJE!C$11,IF(G25=9,KILOMETRAJE!C$12,IF(G25=10,KILOMETRAJE!C$13,IF(G25=11,KILOMETRAJE!C$14,IF(G25=12,KILOMETRAJE!C$15,IF(G25=13,KILOMETRAJE!C$16,IF(G25=14,KILOMETRAJE!C$17,IF(G25=15,KILOMETRAJE!C$18,IF(G25=16,KILOMETRAJE!C$19,IF(G25=17,KILOMETRAJE!C$20,IF(G25=18,KILOMETRAJE!C$21,IF(G25=19,KILOMETRAJE!C$22,IF(G25=20,KILOMETRAJE!C$23,IF(G25=21,KILOMETRAJE!C$24,IF(G25=22,KILOMETRAJE!C$25,IF(G25=23,KILOMETRAJE!C$26,IF(G25=24,KILOMETRAJE!C$27,IF(G25=25,KILOMETRAJE!C$28,IF(G25=26,KILOMETRAJE!C$29,IF(G25=27,KILOMETRAJE!C$30,IF(G25=28,KILOMETRAJE!C$31,IF(G25=29,KILOMETRAJE!C$32,IF(G25=30,KILOMETRAJE!C$33,IF(G25=31,KILOMETRAJE!C$34,IF(G25=32,KILOMETRAJE!C$35,IF(G25=33,KILOMETRAJE!C$36,IF(G25=34,KILOMETRAJE!C$37,IF(G25=35,KILOMETRAJE!C$38,IF(G25=36,KILOMETRAJE!C$39,IF(G25=37,KILOMETRAJE!C$40,IF(G25=38,KILOMETRAJE!C$41,IF(G25=39,KILOMETRAJE!C$42,IF(G25=40,KILOMETRAJE!C$43,IF(G25=41,KILOMETRAJE!C$44,IF(G25=42,KILOMETRAJE!C$45,IF(G25=43,KILOMETRAJE!C$46,IF(G25=44,KILOMETRAJE!C$47,IF(G25=45,KILOMETRAJE!C$48,IF(G25=46,KILOMETRAJE!C$49,IF(G25=47,KILOMETRAJE!C$50,IF(G25=48,KILOMETRAJE!C$51,IF(G25=49,KILOMETRAJE!C$52,IF(G25=50,KILOMETRAJE!C$53,IF(G25=51,KILOMETRAJE!C$54,IF(G25=52,KILOMETRAJE!C$55,IF(G25=53,KILOMETRAJE!C$56,IF(G25=54,KILOMETRAJE!C$57,IF(G25=55,KILOMETRAJE!C$58,IF(G25=56,KILOMETRAJE!C$59,IF(G25=57,KILOMETRAJE!C$60,IF(G25=58,KILOMETRAJE!C$61,IF(G25=59,KILOMETRAJE!C$62,IF(G25=60,KILOMETRAJE!C$63,IF(G25=61,KILOMETRAJE!C$64,IF(G25=62,KILOMETRAJE!C$65,IF(G25=63,KILOMETRAJE!C$66))))))))))))))))))))))))))))))))))))))))))))))))))))))))))))))) -> JRZ | I25: =IF(G25=1,KILOMETRAJE!E$4,IF(G25=2,KILOMETRAJE!E$5,IF(G25=3,KILOMETRAJE!E$6,IF(G25=4,KILOMETRAJE!E$7,IF(G25=5,KILOMETRAJE!E$8,IF(G25=6,KILOMETRAJE!E$9,IF(G25=7,KILOMETRAJE!E$10,IF(G25=8,KILOMETRAJE!E$11,IF(G25=9,KILOMETRAJE!E$12,IF(G25=10,KILOMETRAJE!E$13,IF(G25=11,KILOMETRAJE!E$14,IF(G25=12,KILOMETRAJE!E$15,IF(G25=13,KILOMETRAJE!E$16,IF(G25=14,KILOMETRAJE!E$17,IF(G25=15,KILOMETRAJE!E$18,IF(G25=16,KILOMETRAJE!E$19,IF(G25=17,KILOMETRAJE!E$20,IF(G25=18,KILOMETRAJE!E$21,IF(G25=19,KILOMETRAJE!E$22,IF(G25=20,KILOMETRAJE!E$23,IF(G25=21,KILOMETRAJE!E$24,IF(G25=22,KILOMETRAJE!E$25,IF(G25=23,KILOMETRAJE!E$26,IF(G25=24,KILOMETRAJE!E$27,IF(G25=25,KILOMETRAJE!E$28,IF(G25=26,KILOMETRAJE!E$29,IF(G25=27,KILOMETRAJE!E$30,IF(G25=28,KILOMETRAJE!E$31,IF(G25=29,KILOMETRAJE!E$32,IF(G25=30,KILOMETRAJE!E$33,IF(G25=31,KILOMETRAJE!E$34,IF(G25=32,KILOMETRAJE!E$35,IF(G25=33,KILOMETRAJE!E$36,IF(G25=34,KILOMETRAJE!E$37,IF(G25=35,KILOMETRAJE!E$38,IF(G25=36,KILOMETRAJE!E$39,IF(G25=37,KILOMETRAJE!E$40,IF(G25=38,KILOMETRAJE!E$41,IF(G25=39,KILOMETRAJE!E$42,IF(G25=40,KILOMETRAJE!E$43,IF(G25=41,KILOMETRAJE!E$44,IF(G25=42,KILOMETRAJE!E$45,IF(G25=43,KILOMETRAJE!E$46,IF(G25=44,KILOMETRAJE!E$47,IF(G25=45,KILOMETRAJE!E$48,IF(G25=46,KILOMETRAJE!E$49,IF(G25=47,KILOMETRAJE!E$50,IF(G25=48,KILOMETRAJE!E$51,IF(G25=49,KILOMETRAJE!E$52,IF(G25=50,KILOMETRAJE!E$53,IF(G25=51,KILOMETRAJE!E$54,IF(G25=52,KILOMETRAJE!E$55,IF(G25=53,KILOMETRAJE!E$56,IF(G25=54,KILOMETRAJE!E$57,IF(G25=55,KILOMETRAJE!E$58,IF(G25=56,KILOMETRAJE!E$59,IF(G25=57,KILOMETRAJE!E$60,IF(G25=58,KILOMETRAJE!E$61,IF(G25=59,KILOMETRAJE!E$62,IF(G25=60,KILOMETRAJE!E$63,IF(G25=61,KILOMETRAJE!E$64,IF(G25=62,KILOMETRAJE!E$65,IF(G25=63,KILOMETRAJE!E$66))))))))))))))))))))))))))))))))))))))))))))))))))))))))))))))) -> CHIH. | J25: =IF(G25=1,KILOMETRAJE!G$4,IF(G25=2,KILOMETRAJE!G$5,IF(G25=3,KILOMETRAJE!G$6,IF(G25=4,KILOMETRAJE!G$7,IF(G25=5,KILOMETRAJE!G$8,IF(G25=6,KILOMETRAJE!G$9,IF(G25=7,KILOMETRAJE!G$10,IF(G25=8,KILOMETRAJE!G$11,IF(G25=9,KILOMETRAJE!G$12,IF(G25=10,KILOMETRAJE!G$13,IF(G25=11,KILOMETRAJE!G$14,IF(G25=12,KILOMETRAJE!G$15,IF(G25=13,KILOMETRAJE!G$16,IF(G25=14,KILOMETRAJE!G$17,IF(G25=15,KILOMETRAJE!G$18,IF(G25=16,KILOMETRAJE!G$19,IF(G25=17,KILOMETRAJE!G$20,IF(G25=18,KILOMETRAJE!G$21,IF(G25=19,KILOMETRAJE!G$22,IF(G25=20,KILOMETRAJE!G$23,IF(G25=21,KILOMETRAJE!G$24,IF(G25=22,KILOMETRAJE!G$25,IF(G25=23,KILOMETRAJE!G$26,IF(G25=24,KILOMETRAJE!G$27,IF(G25=25,KILOMETRAJE!G$28,IF(G25=26,KILOMETRAJE!G$29,IF(G25=27,KILOMETRAJE!G$30,IF(G25=28,KILOMETRAJE!G$31,IF(G25=29,KILOMETRAJE!G$32,IF(G25=30,KILOMETRAJE!G$33,IF(G25=31,KILOMETRAJE!G$34,IF(G25=32,KILOMETRAJE!G$35,IF(G25=33,KILOMETRAJE!G$36,IF(G25=34,KILOMETRAJE!G$37,IF(G25=35,KILOMETRAJE!G$38,IF(G25=36,KILOMETRAJE!G$39,IF(G25=37,KILOMETRAJE!G$40,IF(G25=38,KILOMETRAJE!G$41,IF(G25=39,KILOMETRAJE!G$42,IF(G25=40,KILOMETRAJE!G$43,IF(G25=41,KILOMETRAJE!G$44,IF(G25=42,KILOMETRAJE!G$45,IF(G25=43,KILOMETRAJE!G$46,IF(G25=44,KILOMETRAJE!G$47,IF(G25=45,KILOMETRAJE!G$48,IF(G25=46,KILOMETRAJE!G$49,IF(G25=47,KILOMETRAJE!G$50,IF(G25=48,KILOMETRAJE!G$51,IF(G25=49,KILOMETRAJE!G$52,IF(G25=50,KILOMETRAJE!G$53,IF(G25=51,KILOMETRAJE!G$54,IF(G25=52,KILOMETRAJE!G$55,IF(G25=53,KILOMETRAJE!G$56,IF(G25=54,KILOMETRAJE!G$57,IF(G25=55,KILOMETRAJE!G$58,IF(G25=56,KILOMETRAJE!G$59,IF(G25=57,KILOMETRAJE!G$60,IF(G25=58,KILOMETRAJE!G$61,IF(G25=59,KILOMETRAJE!G$62,IF(G25=60,KILOMETRAJE!G$63,IF(G25=61,KILOMETRAJE!G$64,IF(G25=62,KILOMETRAJE!G$65,IF(G25=63,KILOMETRAJE!G$66))))))))))))))))))))))))))))))))))))))))))))))))))))))))))))))) -> 375 | M25: 377.34 | N25: 1 | O25: SS537024 | P25: XYLEM | Q25: =((((IF(N25=1,((J25)*0.29333)))+(IF(N25=2,((J25)*0.146666)))+(IF(N25=3,((J25)*0.146666)))))+(IF(N25=4,((J25-40)*0.29333)))+(IF(N25=5,((J25-50)*0.29333)))+(IF(N25=6,((J25-90)*0.29333)))) -> 109.99875
D26: 2875293-4 | E26: 45943 | F26: 45943 | G26: 3 | H26: =IF(G26=1,KILOMETRAJE!C$4,IF(G26=2,KILOMETRAJE!C$5,IF(G26=3,KILOMETRAJE!C$6,IF(G26=4,KILOMETRAJE!C$7,IF(G26=5,KILOMETRAJE!C$8,IF(G26=6,KILOMETRAJE!C$9,IF(G26=7,KILOMETRAJE!C$10,IF(G26=8,KILOMETRAJE!C$11,IF(G26=9,KILOMETRAJE!C$12,IF(G26=10,KILOMETRAJE!C$13,IF(G26=11,KILOMETRAJE!C$14,IF(G26=12,KILOMETRAJE!C$15,IF(G26=13,KILOMETRAJE!C$16,IF(G26=14,KILOMETRAJE!C$17,IF(G26=15,KILOMETRAJE!C$18,IF(G26=16,KILOMETRAJE!C$19,IF(G26=17,KILOMETRAJE!C$20,IF(G26=18,KILOMETRAJE!C$21,IF(G26=19,KILOMETRAJE!C$22,IF(G26=20,KILOMETRAJE!C$23,IF(G26=21,KILOMETRAJE!C$24,IF(G26=22,KILOMETRAJE!C$25,IF(G26=23,KILOMETRAJE!C$26,IF(G26=24,KILOMETRAJE!C$27,IF(G26=25,KILOMETRAJE!C$28,IF(G26=26,KILOMETRAJE!C$29,IF(G26=27,KILOMETRAJE!C$30,IF(G26=28,KILOMETRAJE!C$31,IF(G26=29,KILOMETRAJE!C$32,IF(G26=30,KILOMETRAJE!C$33,IF(G26=31,KILOMETRAJE!C$34,IF(G26=32,KILOMETRAJE!C$35,IF(G26=33,KILOMETRAJE!C$36,IF(G26=34,KILOMETRAJE!C$37,IF(G26=35,KILOMETRAJE!C$38,IF(G26=36,KILOMETRAJE!C$39,IF(G26=37,KILOMETRAJE!C$40,IF(G26=38,KILOMETRAJE!C$41,IF(G26=39,KILOMETRAJE!C$42,IF(G26=40,KILOMETRAJE!C$43,IF(G26=41,KILOMETRAJE!C$44,IF(G26=42,KILOMETRAJE!C$45,IF(G26=43,KILOMETRAJE!C$46,IF(G26=44,KILOMETRAJE!C$47,IF(G26=45,KILOMETRAJE!C$48,IF(G26=46,KILOMETRAJE!C$49,IF(G26=47,KILOMETRAJE!C$50,IF(G26=48,KILOMETRAJE!C$51,IF(G26=49,KILOMETRAJE!C$52,IF(G26=50,KILOMETRAJE!C$53,IF(G26=51,KILOMETRAJE!C$54,IF(G26=52,KILOMETRAJE!C$55,IF(G26=53,KILOMETRAJE!C$56,IF(G26=54,KILOMETRAJE!C$57,IF(G26=55,KILOMETRAJE!C$58,IF(G26=56,KILOMETRAJE!C$59,IF(G26=57,KILOMETRAJE!C$60,IF(G26=58,KILOMETRAJE!C$61,IF(G26=59,KILOMETRAJE!C$62,IF(G26=60,KILOMETRAJE!C$63,IF(G26=61,KILOMETRAJE!C$64,IF(G26=62,KILOMETRAJE!C$65,IF(G26=63,KILOMETRAJE!C$66))))))))))))))))))))))))))))))))))))))))))))))))))))))))))))))) -> CHIH. | I26: =IF(G26=1,KILOMETRAJE!E$4,IF(G26=2,KILOMETRAJE!E$5,IF(G26=3,KILOMETRAJE!E$6,IF(G26=4,KILOMETRAJE!E$7,IF(G26=5,KILOMETRAJE!E$8,IF(G26=6,KILOMETRAJE!E$9,IF(G26=7,KILOMETRAJE!E$10,IF(G26=8,KILOMETRAJE!E$11,IF(G26=9,KILOMETRAJE!E$12,IF(G26=10,KILOMETRAJE!E$13,IF(G26=11,KILOMETRAJE!E$14,IF(G26=12,KILOMETRAJE!E$15,IF(G26=13,KILOMETRAJE!E$16,IF(G26=14,KILOMETRAJE!E$17,IF(G26=15,KILOMETRAJE!E$18,IF(G26=16,KILOMETRAJE!E$19,IF(G26=17,KILOMETRAJE!E$20,IF(G26=18,KILOMETRAJE!E$21,IF(G26=19,KILOMETRAJE!E$22,IF(G26=20,KILOMETRAJE!E$23,IF(G26=21,KILOMETRAJE!E$24,IF(G26=22,KILOMETRAJE!E$25,IF(G26=23,KILOMETRAJE!E$26,IF(G26=24,KILOMETRAJE!E$27,IF(G26=25,KILOMETRAJE!E$28,IF(G26=26,KILOMETRAJE!E$29,IF(G26=27,KILOMETRAJE!E$30,IF(G26=28,KILOMETRAJE!E$31,IF(G26=29,KILOMETRAJE!E$32,IF(G26=30,KILOMETRAJE!E$33,IF(G26=31,KILOMETRAJE!E$34,IF(G26=32,KILOMETRAJE!E$35,IF(G26=33,KILOMETRAJE!E$36,IF(G26=34,KILOMETRAJE!E$37,IF(G26=35,KILOMETRAJE!E$38,IF(G26=36,KILOMETRAJE!E$39,IF(G26=37,KILOMETRAJE!E$40,IF(G26=38,KILOMETRAJE!E$41,IF(G26=39,KILOMETRAJE!E$42,IF(G26=40,KILOMETRAJE!E$43,IF(G26=41,KILOMETRAJE!E$44,IF(G26=42,KILOMETRAJE!E$45,IF(G26=43,KILOMETRAJE!E$46,IF(G26=44,KILOMETRAJE!E$47,IF(G26=45,KILOMETRAJE!E$48,IF(G26=46,KILOMETRAJE!E$49,IF(G26=47,KILOMETRAJE!E$50,IF(G26=48,KILOMETRAJE!E$51,IF(G26=49,KILOMETRAJE!E$52,IF(G26=50,KILOMETRAJE!E$53,IF(G26=51,KILOMETRAJE!E$54,IF(G26=52,KILOMETRAJE!E$55,IF(G26=53,KILOMETRAJE!E$56,IF(G26=54,KILOMETRAJE!E$57,IF(G26=55,KILOMETRAJE!E$58,IF(G26=56,KILOMETRAJE!E$59,IF(G26=57,KILOMETRAJE!E$60,IF(G26=58,KILOMETRAJE!E$61,IF(G26=59,KILOMETRAJE!E$62,IF(G26=60,KILOMETRAJE!E$63,IF(G26=61,KILOMETRAJE!E$64,IF(G26=62,KILOMETRAJE!E$65,IF(G26=63,KILOMETRAJE!E$66))))))))))))))))))))))))))))))))))))))))))))))))))))))))))))))) -> JRZ | J26: =IF(G26=1,KILOMETRAJE!G$4,IF(G26=2,KILOMETRAJE!G$5,IF(G26=3,KILOMETRAJE!G$6,IF(G26=4,KILOMETRAJE!G$7,IF(G26=5,KILOMETRAJE!G$8,IF(G26=6,KILOMETRAJE!G$9,IF(G26=7,KILOMETRAJE!G$10,IF(G26=8,KILOMETRAJE!G$11,IF(G26=9,KILOMETRAJE!G$12,IF(G26=10,KILOMETRAJE!G$13,IF(G26=11,KILOMETRAJE!G$14,IF(G26=12,KILOMETRAJE!G$15,IF(G26=13,KILOMETRAJE!G$16,IF(G26=14,KILOMETRAJE!G$17,IF(G26=15,KILOMETRAJE!G$18,IF(G26=16,KILOMETRAJE!G$19,IF(G26=17,KILOMETRAJE!G$20,IF(G26=18,KILOMETRAJE!G$21,IF(G26=19,KILOMETRAJE!G$22,IF(G26=20,KILOMETRAJE!G$23,IF(G26=21,KILOMETRAJE!G$24,IF(G26=22,KILOMETRAJE!G$25,IF(G26=23,KILOMETRAJE!G$26,IF(G26=24,KILOMETRAJE!G$27,IF(G26=25,KILOMETRAJE!G$28,IF(G26=26,KILOMETRAJE!G$29,IF(G26=27,KILOMETRAJE!G$30,IF(G26=28,KILOMETRAJE!G$31,IF(G26=29,KILOMETRAJE!G$32,IF(G26=30,KILOMETRAJE!G$33,IF(G26=31,KILOMETRAJE!G$34,IF(G26=32,KILOMETRAJE!G$35,IF(G26=33,KILOMETRAJE!G$36,IF(G26=34,KILOMETRAJE!G$37,IF(G26=35,KILOMETRAJE!G$38,IF(G26=36,KILOMETRAJE!G$39,IF(G26=37,KILOMETRAJE!G$40,IF(G26=38,KILOMETRAJE!G$41,IF(G26=39,KILOMETRAJE!G$42,IF(G26=40,KILOMETRAJE!G$43,IF(G26=41,KILOMETRAJE!G$44,IF(G26=42,KILOMETRAJE!G$45,IF(G26=43,KILOMETRAJE!G$46,IF(G26=44,KILOMETRAJE!G$47,IF(G26=45,KILOMETRAJE!G$48,IF(G26=46,KILOMETRAJE!G$49,IF(G26=47,KILOMETRAJE!G$50,IF(G26=48,KILOMETRAJE!G$51,IF(G26=49,KILOMETRAJE!G$52,IF(G26=50,KILOMETRAJE!G$53,IF(G26=51,KILOMETRAJE!G$54,IF(G26=52,KILOMETRAJE!G$55,IF(G26=53,KILOMETRAJE!G$56,IF(G26=54,KILOMETRAJE!G$57,IF(G26=55,KILOMETRAJE!G$58,IF(G26=56,KILOMETRAJE!G$59,IF(G26=57,KILOMETRAJE!G$60,IF(G26=58,KILOMETRAJE!G$61,IF(G26=59,KILOMETRAJE!G$62,IF(G26=60,KILOMETRAJE!G$63,IF(G26=61,KILOMETRAJE!G$64,IF(G26=62,KILOMETRAJE!G$65,IF(G26=63,KILOMETRAJE!G$66))))))))))))))))))))))))))))))))))))))))))))))))))))))))))))))) -> 375 | K26: 235.993 | L26: =SUM(J25:J26)/K26 -> 3.1780604 | M26: 4288.491 | N26: 1 | O26: BS35023 | P26: SMTC | Q26: =((((IF(N26=1,((J26)*0.29333)))+(IF(N26=2,((J26)*0.146666)))+(IF(N26=3,((J26)*0.146666)))))+(IF(N26=4,((J26-40)*0.29333)))+(IF(N26=5,((J26-50)*0.29333)))+(IF(N26=6,((J26-90)*0.29333)))) -> 109.99875 | R26: =+LOOKUP(P44,UNIDADES!B$3:B$59,UNIDADES!C$3:C$59) -> 2.37341 | S26: =+((SUM(J25:J26))/R26)-K26 -> 80.008028 | T26: =+S26*14.85 -> 1188.1192
E35: CRUCES | F35: =+'AGUILAR ESQUIVEL CARLOS'!F34 -> 45936 | H35: =+F35+1 -> 45937 | I35: =+H35+1 -> 45938 | J35: =+I35+1 -> 45939 | K35: =+J35+1 -> 45940 | L35: =+K35+2 -> 45942 | M35: TOTAL.C
M36: =SUM(F36:L36) -> 0
C38: PERCEPCIONES DE LA SEMANA | I38: ADELANTO DE LIQUIDACION | O38: TOTAL: | Q38: =+F50-L47 -> 6532.4526
C39: PAGO POR KM | F39: =SUM(Q18:Q34) -> 824.991 | I39: CONCEPTO | J39: FECHA | K39: FOLIO | L39: MONTO
C40: DIESEL A FAVOR | F40: =SUM(T18:T34) -> 5657.4616 | O40: FOLIO | P40: UNIDAD | Q40: ODM. INICIAL | S40: ODM. FINAL | T40: KM. RECORR | U40: KM. LIQUID | V40: LTS | W40: PESO
C41: CRUCES | F41: =+M36 -> 0 | O41: 46386 | P41: F-019 | Q41: 229698 | S41: 230448 | T41: =+S41-Q41 -> 750 | U41: =SUM(J19:J20) -> 800 | V41: =+K20 -> 215.999 | W41: =(SUM(M19:M20)/2) -> 585.002
C42: DOBLETE | F42: 0 | O42: 45920 | P42: F-019 | Q42: 230448 | S42: 231146 | T42: =+S42-Q42 -> 698 | U42: =SUM(J21:J22) -> 750 | V42: =+K22 -> 236.031 | W42: =(SUM(M21:M22)/2) -> 3349.56
C43: ESTANCIAS | O43: 45931 | P43: F-019 | Q43: 231146 | S43: 231865 | T43: =+S43-Q43 -> 719 | U43: =SUM(J23:J24) -> 750 | V43: =+K24 -> 216.074 | W43: =(SUM(M23:M24)/2) -> 1008.205
C44: BONO QMS | O44: 45964 | P44: F-019 | Q44: 231865 | S44: 232880 | T44: =+S44-Q44 -> 1015 | U44: =SUM(J25:J27) -> 750 | V44: =+K26 -> 235.993 | W44: =(SUM(M25:M27)/2) -> 2332.9155
C45: CRUCE PERICAS | F45: 50 | T45: =+S45-Q45 -> 0 | U45: =SUM(J28:J29) -> 0 | V45: =+K29 -> 0 | W45: =(SUM(M28:M29)/2) -> 0
C46: BONO TRANSERVICIOS | T46: =+S46-Q46 -> 0 | U46: =SUM(J30:J31) -> 0 | V46: =+K31 -> 0 | W46: =(SUM(M30:M31)/2) -> 0
C47: BONO SIERRA | I47: TOTAL DEDUCCIONES: | L47: =SUM(L40:L46) -> 0 | T47: =+S47-Q47 -> 0 | U47: =SUM(J32:J33) -> 0 | V47: =+K33 -> 0 | W47: =(SUM(M32:M33)/2) -> 0
C48: pendiente
C49: ADELANTO
C50: TOTAL DE PERCEPCIONES: | F50: =SUM(F39:G49) -> 6532.4526
P51: CODIGO C/V/PT
C52: OBSERVACIONES: | P52: 1 | Q52: CARGADO
P53: 2 | Q53: VACIO
P54: 3 | Q54: PT
P55: 4 | Q55: CARGADO/ELP
P56: 5 | Q56: CARGADO FOK/HAW
D57: FIRMA DE AUTORIZACION | J57: FIRMA DE CONFORMIDAD | P57: 6 | Q57: CARGADO FOK/HAW-EL P

Sheet ANCHONDO ROMERO CESAR ALEJANDRO
Q2: SEMANA:
I3: FLETES SOTELO S.A DE C.V | Q3: ='AGUILERA CONTRERAS LUIS GERARDO'!Q3 -> 42
I4: RFC: FSO880915JP8
I5: CAMINO DE LOS ESTEROS 720 | Q5: FOLIO DE LIQUIDACION
I6: PARTIDO DOBALDO CD.JUAREZ CHIHU. | Q6: =+'GUZMAN CHAPARRO PEDRO'!Q6+1 -> 37
I9: INFORMACION DEL OPERADOR
D11: OPERADOR: | E11: ANCHONDO ROMERO CESAR ALEJANDRO | K11: FECHA DE PERIODO: | L11: ='REYES LARA DANTE'!L11 -> SEMANA #42 PERIODO DEL 06 AL 12 DE OCTUBRE DEL 2025
D12: UNIDAD: | E12: F-024
D14: ODOM.INIC: | F14: 105625 | I14: COMBUSTIBLE INICI: | O14: COMBUSTIBLE CARGADO:
D15: ODOM.FINAL: | F15: 106338 | I15: COMBUSTIBLE FIN: | O15: DIF. DE DIESEL:
D16: KM RECORRIDOS: | F16: =SUM(J19:J32) -> 1500 | I16: DIESEL CONSUMIDO: | J16: =SUM(K19:K32) -> 499.317 | O16: RENDIMIENTO: | P16: =+F16/J16 -> 3.0041036
C18: FOLIO LIQUIDACION | D18: CORDENADA | E18: FECHA SALIDA | F18: FECHA LLEGADA | G18: R: | H18: ORIGEN | I18: DESTINO | J18: KMS | K18: RECARGA | L18: RENDIMIENTO | M18: PESO DE CARGA (kg) | N18: 1 | O18: REMOLQUE | P18: CLIENTE | Q18: PAGO POR KM | R18: RENDIMIENTO PAGO | S18: LITROS A PAGO | T18: DIESEL A FAVOR | U18: SALIDA | V18: REGRESO
C19: 45949 | D19: 2874734-4 | E19: 45939 | F19: 45940 | G19: 2 | H19: =IF(G19=1,KILOMETRAJE!C$4,IF(G19=2,KILOMETRAJE!C$5,IF(G19=3,KILOMETRAJE!C$6,IF(G19=4,KILOMETRAJE!C$7,IF(G19=5,KILOMETRAJE!C$8,IF(G19=6,KILOMETRAJE!C$9,IF(G19=7,KILOMETRAJE!C$10,IF(G19=8,KILOMETRAJE!C$11,IF(G19=9,KILOMETRAJE!C$12,IF(G19=10,KILOMETRAJE!C$13,IF(G19=11,KILOMETRAJE!C$14,IF(G19=12,KILOMETRAJE!C$15,IF(G19=13,KILOMETRAJE!C$16,IF(G19=14,KILOMETRAJE!C$17,IF(G19=15,KILOMETRAJE!C$18,IF(G19=16,KILOMETRAJE!C$19,IF(G19=17,KILOMETRAJE!C$20,IF(G19=18,KILOMETRAJE!C$21,IF(G19=19,KILOMETRAJE!C$22,IF(G19=20,KILOMETRAJE!C$23,IF(G19=21,KILOMETRAJE!C$24,IF(G19=22,KILOMETRAJE!C$25,IF(G19=23,KILOMETRAJE!C$26,IF(G19=24,KILOMETRAJE!C$27,IF(G19=25,KILOMETRAJE!C$28,IF(G19=26,KILOMETRAJE!C$29,IF(G19=27,KILOMETRAJE!C$30,IF(G19=28,KILOMETRAJE!C$31,IF(G19=29,KILOMETRAJE!C$32,IF(G19=30,KILOMETRAJE!C$33,IF(G19=31,KILOMETRAJE!C$34,IF(G19=32,KILOMETRAJE!C$35,IF(G19=33,KILOMETRAJE!C$36,IF(G19=34,KILOMETRAJE!C$37,IF(G19=35,KILOMETRAJE!C$38,IF(G19=36,KILOMETRAJE!C$39,IF(G19=37,KILOMETRAJE!C$40,IF(G19=38,KILOMETRAJE!C$41,IF(G19=39,KILOMETRAJE!C$42,IF(G19=40,KILOMETRAJE!C$43,IF(G19=41,KILOMETRAJE!C$44,IF(G19=42,KILOMETRAJE!C$45,IF(G19=43,KILOMETRAJE!C$46,IF(G19=44,KILOMETRAJE!C$47,IF(G19=45,KILOMETRAJE!C$48,IF(G19=46,KILOMETRAJE!C$49,IF(G19=47,KILOMETRAJE!C$50,IF(G19=48,KILOMETRAJE!C$51,IF(G19=49,KILOMETRAJE!C$52,IF(G19=50,KILOMETRAJE!C$53,IF(G19=51,KILOMETRAJE!C$54,IF(G19=52,KILOMETRAJE!C$55,IF(G19=53,KILOMETRAJE!C$56,IF(G19=54,KILOMETRAJE!C$57,IF(G19=55,KILOMETRAJE!C$58,IF(G19=56,KILOMETRAJE!C$59,IF(G19=57,KILOMETRAJE!C$60,IF(G19=58,KILOMETRAJE!C$61,IF(G19=59,KILOMETRAJE!C$62,IF(G19=60,KILOMETRAJE!C$63,IF(G19=61,KILOMETRAJE!C$64,IF(G19=62,KILOMETRAJE!C$65,IF(G19=63,KILOMETRAJE!C$66))))))))))))))))))))))))))))))))))))))))))))))))))))))))))))))) -> JRZ | I19: =IF(G19=1,KILOMETRAJE!E$4,IF(G19=2,KILOMETRAJE!E$5,IF(G19=3,KILOMETRAJE!E$6,IF(G19=4,KILOMETRAJE!E$7,IF(G19=5,KILOMETRAJE!E$8,IF(G19=6,KILOMETRAJE!E$9,IF(G19=7,KILOMETRAJE!E$10,IF(G19=8,KILOMETRAJE!E$11,IF(G19=9,KILOMETRAJE!E$12,IF(G19=10,KILOMETRAJE!E$13,IF(G19=11,KILOMETRAJE!E$14,IF(G19=12,KILOMETRAJE!E$15,IF(G19=13,KILOMETRAJE!E$16,IF(G19=14,KILOMETRAJE!E$17,IF(G19=15,KILOMETRAJE!E$18,IF(G19=16,KILOMETRAJE!E$19,IF(G19=17,KILOMETRAJE!E$20,IF(G19=18,KILOMETRAJE!E$21,IF(G19=19,KILOMETRAJE!E$22,IF(G19=20,KILOMETRAJE!E$23,IF(G19=21,KILOMETRAJE!E$24,IF(G19=22,KILOMETRAJE!E$25,IF(G19=23,KILOMETRAJE!E$26,IF(G19=24,KILOMETRAJE!E$27,IF(G19=25,KILOMETRAJE!E$28,IF(G19=26,KILOMETRAJE!E$29,IF(G19=27,KILOMETRAJE!E$30,IF(G19=28,KILOMETRAJE!E$31,IF(G19=29,KILOMETRAJE!E$32,IF(G19=30,KILOMETRAJE!E$33,IF(G19=31,KILOMETRAJE!E$34,IF(G19=32,KILOMETRAJE!E$35,IF(G19=33,KILOMETRAJE!E$36,IF(G19=34,KILOMETRAJE!E$37,IF(G19=35,KILOMETRAJE!E$38,IF(G19=36,KILOMETRAJE!E$39,IF(G19=37,KILOMETRAJE!E$40,IF(G19=38,KILOMETRAJE!E$41,IF(G19=39,KILOMETRAJE!E$42,IF(G19=40,KILOMETRAJE!E$43,IF(G19=41,KILOMETRAJE!E$44,IF(G19=42,KILOMETRAJE!E$45,IF(G19=43,KILOMETRAJE!E$46,IF(G19=44,KILOMETRAJE!E$47,IF(G19=45,KILOMETRAJE!E$48,IF(G19=46,KILOMETRAJE!E$49,IF(G19=47,KILOMETRAJE!E$50,IF(G19=48,KILOMETRAJE!E$51,IF(G19=49,KILOMETRAJE!E$52,IF(G19=50,KILOMETRAJE!E$53,IF(G19=51,KILOMETRAJE!E$54,IF(G19=52,KILOMETRAJE!E$55,IF(G19=53,KILOMETRAJE!E$56,IF(G19=54,KILOMETRAJE!E$57,IF(G19=55,KILOMETRAJE!E$58,IF(G19=56,KILOMETRAJE!E$59,IF(G19=57,KILOMETRAJE!E$60,IF(G19=58,KILOMETRAJE!E$61,IF(G19=59,KILOMETRAJE!E$62,IF(G19=60,KILOMETRAJE!E$63,IF(G19=61,KILOMETRAJE!E$64,IF(G19=62,KILOMETRAJE!E$65,IF(G19=63,KILOMETRAJE!E$66))))))))))))))))))))))))))))))))))))))))))))))))))))))))))))))) -> CHIH. | J19: =IF(G19=1,KILOMETRAJE!G$4,IF(G19=2,KILOMETRAJE!G$5,IF(G19=3,KILOMETRAJE!G$6,IF(G19=4,KILOMETRAJE!G$7,IF(G19=5,KILOMETRAJE!G$8,IF(G19=6,KILOMETRAJE!G$9,IF(G19=7,KILOMETRAJE!G$10,IF(G19=8,KILOMETRAJE!G$11,IF(G19=9,KILOMETRAJE!G$12,IF(G19=10,KILOMETRAJE!G$13,IF(G19=11,KILOMETRAJE!G$14,IF(G19=12,KILOMETRAJE!G$15,IF(G19=13,KILOMETRAJE!G$16,IF(G19=14,KILOMETRAJE!G$17,IF(G19=15,KILOMETRAJE!G$18,IF(G19=16,KILOMETRAJE!G$19,IF(G19=17,KILOMETRAJE!G$20,IF(G19=18,KILOMETRAJE!G$21,IF(G19=19,KILOMETRAJE!G$22,IF(G19=20,KILOMETRAJE!G$23,IF(G19=21,KILOMETRAJE!G$24,IF(G19=22,KILOMETRAJE!G$25,IF(G19=23,KILOMETRAJE!G$26,IF(G19=24,KILOMETRAJE!G$27,IF(G19=25,KILOMETRAJE!G$28,IF(G19=26,KILOMETRAJE!G$29,IF(G19=27,KILOMETRAJE!G$30,IF(G19=28,KILOMETRAJE!G$31,IF(G19=29,KILOMETRAJE!G$32,IF(G19=30,KILOMETRAJE!G$33,IF(G19=31,KILOMETRAJE!G$34,IF(G19=32,KILOMETRAJE!G$35,IF(G19=33,KILOMETRAJE!G$36,IF(G19=34,KILOMETRAJE!G$37,IF(G19=35,KILOMETRAJE!G$38,IF(G19=36,KILOMETRAJE!G$39,IF(G19=37,KILOMETRAJE!G$40,IF(G19=38,KILOMETRAJE!G$41,IF(G19=39,KILOMETRAJE!G$42,IF(G19=40,KILOMETRAJE!G$43,IF(G19=41,KILOMETRAJE!G$44,IF(G19=42,KILOMETRAJE!G$45,IF(G19=43,KILOMETRAJE!G$46,IF(G19=44,KILOMETRAJE!G$47,IF(G19=45,KILOMETRAJE!G$48,IF(G19=46,KILOMETRAJE!G$49,IF(G19=47,KILOMETRAJE!G$50,IF(G19=48,KILOMETRAJE!G$51,IF(G19=49,KILOMETRAJE!G$52,IF(G19=50,KILOMETRAJE!G$53,IF(G19=51,KILOMETRAJE!G$54,IF(G19=52,KILOMETRAJE!G$55,IF(G19=53,KILOMETRAJE!G$56,IF(G19=54,KILOMETRAJE!G$57,IF(G19=55,KILOMETRAJE!G$58,IF(G19=56,KILOMETRAJE!G$59,IF(G19=57,KILOMETRAJE!G$60,IF(G19=58,KILOMETRAJE!G$61,IF(G19=59,KILOMETRAJE!G$62,IF(G19=60,KILOMETRAJE!G$63,IF(G19=61,KILOMETRAJE!G$64,IF(G19=62,KILOMETRAJE!G$65,IF(G19=63,KILOMETRAJE!G$66))))))))))))))))))))))))))))))))))))))))))))))))))))))))))))))) -> 375 | M19: 478 | N19: 1 | O19: FSM53979 | P19: SAFRAN | Q19: =((((IF(N19=1,((J19)*0.29333)))+(IF(N19=2,((J19)*0.146666)))+(IF(N19=3,((J19)*0.146666)))))+(IF(N19=4,((J19-40)*0.29333)))+(IF(N19=5,((J19-50)*0.29333)))+(IF(N19=6,((J19-90)*0.29333)))) -> 109.99875 | U19: 7 | V19: 7
D20: 2874871-4 | E20: 45940 | F20: 45941 | G20: 3 | H20: =IF(G20=1,KILOMETRAJE!C$4,IF(G20=2,KILOMETRAJE!C$5,IF(G20=3,KILOMETRAJE!C$6,IF(G20=4,KILOMETRAJE!C$7,IF(G20=5,KILOMETRAJE!C$8,IF(G20=6,KILOMETRAJE!C$9,IF(G20=7,KILOMETRAJE!C$10,IF(G20=8,KILOMETRAJE!C$11,IF(G20=9,KILOMETRAJE!C$12,IF(G20=10,KILOMETRAJE!C$13,IF(G20=11,KILOMETRAJE!C$14,IF(G20=12,KILOMETRAJE!C$15,IF(G20=13,KILOMETRAJE!C$16,IF(G20=14,KILOMETRAJE!C$17,IF(G20=15,KILOMETRAJE!C$18,IF(G20=16,KILOMETRAJE!C$19,IF(G20=17,KILOMETRAJE!C$20,IF(G20=18,KILOMETRAJE!C$21,IF(G20=19,KILOMETRAJE!C$22,IF(G20=20,KILOMETRAJE!C$23,IF(G20=21,KILOMETRAJE!C$24,IF(G20=22,KILOMETRAJE!C$25,IF(G20=23,KILOMETRAJE!C$26,IF(G20=24,KILOMETRAJE!C$27,IF(G20=25,KILOMETRAJE!C$28,IF(G20=26,KILOMETRAJE!C$29,IF(G20=27,KILOMETRAJE!C$30,IF(G20=28,KILOMETRAJE!C$31,IF(G20=29,KILOMETRAJE!C$32,IF(G20=30,KILOMETRAJE!C$33,IF(G20=31,KILOMETRAJE!C$34,IF(G20=32,KILOMETRAJE!C$35,IF(G20=33,KILOMETRAJE!C$36,IF(G20=34,KILOMETRAJE!C$37,IF(G20=35,KILOMETRAJE!C$38,IF(G20=36,KILOMETRAJE!C$39,IF(G20=37,KILOMETRAJE!C$40,IF(G20=38,KILOMETRAJE!C$41,IF(G20=39,KILOMETRAJE!C$42,IF(G20=40,KILOMETRAJE!C$43,IF(G20=41,KILOMETRAJE!C$44,IF(G20=42,KILOMETRAJE!C$45,IF(G20=43,KILOMETRAJE!C$46,IF(G20=44,KILOMETRAJE!C$47,IF(G20=45,KILOMETRAJE!C$48,IF(G20=46,KILOMETRAJE!C$49,IF(G20=47,KILOMETRAJE!C$50,IF(G20=48,KILOMETRAJE!C$51,IF(G20=49,KILOMETRAJE!C$52,IF(G20=50,KILOMETRAJE!C$53,IF(G20=51,KILOMETRAJE!C$54,IF(G20=52,KILOMETRAJE!C$55,IF(G20=53,KILOMETRAJE!C$56,IF(G20=54,KILOMETRAJE!C$57,IF(G20=55,KILOMETRAJE!C$58,IF(G20=56,KILOMETRAJE!C$59,IF(G20=57,KILOMETRAJE!C$60,IF(G20=58,KILOMETRAJE!C$61,IF(G20=59,KILOMETRAJE!C$62,IF(G20=60,KILOMETRAJE!C$63,IF(G20=61,KILOMETRAJE!C$64,IF(G20=62,KILOMETRAJE!C$65,IF(G20=63,KILOMETRAJE!C$66))))))))))))))))))))))))))))))))))))))))))))))))))))))))))))))) -> CHIH. | I20: =IF(G20=1,KILOMETRAJE!E$4,IF(G20=2,KILOMETRAJE!E$5,IF(G20=3,KILOMETRAJE!E$6,IF(G20=4,KILOMETRAJE!E$7,IF(G20=5,KILOMETRAJE!E$8,IF(G20=6,KILOMETRAJE!E$9,IF(G20=7,KILOMETRAJE!E$10,IF(G20=8,KILOMETRAJE!E$11,IF(G20=9,KILOMETRAJE!E$12,IF(G20=10,KILOMETRAJE!E$13,IF(G20=11,KILOMETRAJE!E$14,IF(G20=12,KILOMETRAJE!E$15,IF(G20=13,KILOMETRAJE!E$16,IF(G20=14,KILOMETRAJE!E$17,IF(G20=15,KILOMETRAJE!E$18,IF(G20=16,KILOMETRAJE!E$19,IF(G20=17,KILOMETRAJE!E$20,IF(G20=18,KILOMETRAJE!E$21,IF(G20=19,KILOMETRAJE!E$22,IF(G20=20,KILOMETRAJE!E$23,IF(G20=21,KILOMETRAJE!E$24,IF(G20=22,KILOMETRAJE!E$25,IF(G20=23,KILOMETRAJE!E$26,IF(G20=24,KILOMETRAJE!E$27,IF(G20=25,KILOMETRAJE!E$28,IF(G20=26,KILOMETRAJE!E$29,IF(G20=27,KILOMETRAJE!E$30,IF(G20=28,KILOMETRAJE!E$31,IF(G20=29,KILOMETRAJE!E$32,IF(G20=30,KILOMETRAJE!E$33,IF(G20=31,KILOMETRAJE!E$34,IF(G20=32,KILOMETRAJE!E$35,IF(G20=33,KILOMETRAJE!E$36,IF(G20=34,KILOMETRAJE!E$37,IF(G20=35,KILOMETRAJE!E$38,IF(G20=36,KILOMETRAJE!E$39,IF(G20=37,KILOMETRAJE!E$40,IF(G20=38,KILOMETRAJE!E$41,IF(G20=39,KILOMETRAJE!E$42,IF(G20=40,KILOMETRAJE!E$43,IF(G20=41,KILOMETRAJE!E$44,IF(G20=42,KILOMETRAJE!E$45,IF(G20=43,KILOMETRAJE!E$46,IF(G20=44,KILOMETRAJE!E$47,IF(G20=45,KILOMETRAJE!E$48,IF(G20=46,KILOMETRAJE!E$49,IF(G20=47,KILOMETRAJE!E$50,IF(G20=48,KILOMETRAJE!E$51,IF(G20=49,KILOMETRAJE!E$52,IF(G20=50,KILOMETRAJE!E$53,IF(G20=51,KILOMETRAJE!E$54,IF(G20=52,KILOMETRAJE!E$55,IF(G20=53,KILOMETRAJE!E$56,IF(G20=54,KILOMETRAJE!E$57,IF(G20=55,KILOMETRAJE!E$58,IF(G20=56,KILOMETRAJE!E$59,IF(G20=57,KILOMETRAJE!E$60,IF(G20=58,KILOMETRAJE!E$61,IF(G20=59,KILOMETRAJE!E$62,IF(G20=60,KILOMETRAJE!E$63,IF(G20=61,KILOMETRAJE!E$64,IF(G20=62,KILOMETRAJE!E$65,IF(G20=63,KILOMETRAJE!E$66))))))))))))))))))))))))))))))))))))))))))))))))))))))))))))))) -> JRZ | J20: =IF(G20=1,KILOMETRAJE!G$4,IF(G20=2,KILOMETRAJE!G$5,IF(G20=3,KILOMETRAJE!G$6,IF(G20=4,KILOMETRAJE!G$7,IF(G20=5,KILOMETRAJE!G$8,IF(G20=6,KILOMETRAJE!G$9,IF(G20=7,KILOMETRAJE!G$10,IF(G20=8,KILOMETRAJE!G$11,IF(G20=9,KILOMETRAJE!G$12,IF(G20=10,KILOMETRAJE!G$13,IF(G20=11,KILOMETRAJE!G$14,IF(G20=12,KILOMETRAJE!G$15,IF(G20=13,KILOMETRAJE!G$16,IF(G20=14,KILOMETRAJE!G$17,IF(G20=15,KILOMETRAJE!G$18,IF(G20=16,KILOMETRAJE!G$19,IF(G20=17,KILOMETRAJE!G$20,IF(G20=18,KILOMETRAJE!G$21,IF(G20=19,KILOMETRAJE!G$22,IF(G20=20,KILOMETRAJE!G$23,IF(G20=21,KILOMETRAJE!G$24,IF(G20=22,KILOMETRAJE!G$25,IF(G20=23,KILOMETRAJE!G$26,IF(G20=24,KILOMETRAJE!G$27,IF(G20=25,KILOMETRAJE!G$28,IF(G20=26,KILOMETRAJE!G$29,IF(G20=27,KILOMETRAJE!G$30,IF(G20=28,KILOMETRAJE!G$31,IF(G20=29,KILOMETRAJE!G$32,IF(G20=30,KILOMETRAJE!G$33,IF(G20=31,KILOMETRAJE!G$34,IF(G20=32,KILOMETRAJE!G$35,IF(G20=33,KILOMETRAJE!G$36,IF(G20=34,KILOMETRAJE!G$37,IF(G20=35,KILOMETRAJE!G$38,IF(G20=36,KILOMETRAJE!G$39,IF(G20=37,KILOMETRAJE!G$40,IF(G20=38,KILOMETRAJE!G$41,IF(G20=39,KILOMETRAJE!G$42,IF(G20=40,KILOMETRAJE!G$43,IF(G20=41,KILOMETRAJE!G$44,IF(G20=42,KILOMETRAJE!G$45,IF(G20=43,KILOMETRAJE!G$46,IF(G20=44,KILOMETRAJE!G$47,IF(G20=45,KILOMETRAJE!G$48,IF(G20=46,KILOMETRAJE!G$49,IF(G20=47,KILOMETRAJE!G$50,IF(G20=48,KILOMETRAJE!G$51,IF(G20=49,KILOMETRAJE!G$52,IF(G20=50,KILOMETRAJE!G$53,IF(G20=51,KILOMETRAJE!G$54,IF(G20=52,KILOMETRAJE!G$55,IF(G20=53,KILOMETRAJE!G$56,IF(G20=54,KILOMETRAJE!G$57,IF(G20=55,KILOMETRAJE!G$58,IF(G20=56,KILOMETRAJE!G$59,IF(G20=57,KILOMETRAJE!G$60,IF(G20=58,KILOMETRAJE!G$61,IF(G20=59,KILOMETRAJE!G$62,IF(G20=60,KILOMETRAJE!G$63,IF(G20=61,KILOMETRAJE!G$64,IF(G20=62,KILOMETRAJE!G$65,IF(G20=63,KILOMETRAJE!G$66))))))))))))))))))))))))))))))))))))))))))))))))))))))))))))))) -> 375 | K20: 223.83 | L20: =SUM(J19:J20)/K20 -> 3.3507573 | M20: 12195.434 | N20: 1 | O20: BS35073 | P20: XOMOX | Q20: =((((IF(N20=1,((J20)*0.29333)))+(IF(N20=2,((J20)*0.146666)))+(IF(N20=3,((J20)*0.146666)))))+(IF(N20=4,((J20-40)*0.29333)))+(IF(N20=5,((J20-50)*0.29333)))+(IF(N20=6,((J20-90)*0.29333)))) -> 109.99875 | R20: =+LOOKUP(P40,UNIDADES!B$3:B$59,UNIDADES!C$3:C$59) -> 2.45098 | S20: =+((SUM(J19:J20))/R20)-K20 -> 82.170049 | T20: =+S20*14.85 -> 1220.2252 | U20: 7 | V20: 7
C21: 45967 | D21: 2874652-3 | E21: 45940 | F21: 45941 | G21: 2 | H21: =IF(G21=1,KILOMETRAJE!C$4,IF(G21=2,KILOMETRAJE!C$5,IF(G21=3,KILOMETRAJE!C$6,IF(G21=4,KILOMETRAJE!C$7,IF(G21=5,KILOMETRAJE!C$8,IF(G21=6,KILOMETRAJE!C$9,IF(G21=7,KILOMETRAJE!C$10,IF(G21=8,KILOMETRAJE!C$11,IF(G21=9,KILOMETRAJE!C$12,IF(G21=10,KILOMETRAJE!C$13,IF(G21=11,KILOMETRAJE!C$14,IF(G21=12,KILOMETRAJE!C$15,IF(G21=13,KILOMETRAJE!C$16,IF(G21=14,KILOMETRAJE!C$17,IF(G21=15,KILOMETRAJE!C$18,IF(G21=16,KILOMETRAJE!C$19,IF(G21=17,KILOMETRAJE!C$20,IF(G21=18,KILOMETRAJE!C$21,IF(G21=19,KILOMETRAJE!C$22,IF(G21=20,KILOMETRAJE!C$23,IF(G21=21,KILOMETRAJE!C$24,IF(G21=22,KILOMETRAJE!C$25,IF(G21=23,KILOMETRAJE!C$26,IF(G21=24,KILOMETRAJE!C$27,IF(G21=25,KILOMETRAJE!C$28,IF(G21=26,KILOMETRAJE!C$29,IF(G21=27,KILOMETRAJE!C$30,IF(G21=28,KILOMETRAJE!C$31,IF(G21=29,KILOMETRAJE!C$32,IF(G21=30,KILOMETRAJE!C$33,IF(G21=31,KILOMETRAJE!C$34,IF(G21=32,KILOMETRAJE!C$35,IF(G21=33,KILOMETRAJE!C$36,IF(G21=34,KILOMETRAJE!C$37,IF(G21=35,KILOMETRAJE!C$38,IF(G21=36,KILOMETRAJE!C$39,IF(G21=37,KILOMETRAJE!C$40,IF(G21=38,KILOMETRAJE!C$41,IF(G21=39,KILOMETRAJE!C$42,IF(G21=40,KILOMETRAJE!C$43,IF(G21=41,KILOMETRAJE!C$44,IF(G21=42,KILOMETRAJE!C$45,IF(G21=43,KILOMETRAJE!C$46,IF(G21=44,KILOMETRAJE!C$47,IF(G21=45,KILOMETRAJE!C$48,IF(G21=46,KILOMETRAJE!C$49,IF(G21=47,KILOMETRAJE!C$50,IF(G21=48,KILOMETRAJE!C$51,IF(G21=49,KILOMETRAJE!C$52,IF(G21=50,KILOMETRAJE!C$53,IF(G21=51,KILOMETRAJE!C$54,IF(G21=52,KILOMETRAJE!C$55,IF(G21=53,KILOMETRAJE!C$56,IF(G21=54,KILOMETRAJE!C$57,IF(G21=55,KILOMETRAJE!C$58,IF(G21=56,KILOMETRAJE!C$59,IF(G21=57,KILOMETRAJE!C$60,IF(G21=58,KILOMETRAJE!C$61,IF(G21=59,KILOMETRAJE!C$62,IF(G21=60,KILOMETRAJE!C$63,IF(G21=61,KILOMETRAJE!C$64,IF(G21=62,KILOMETRAJE!C$65,IF(G21=63,KILOMETRAJE!C$66))))))))))))))))))))))))))))))))))))))))))))))))))))))))))))))) -> JRZ | I21: =IF(G21=1,KILOMETRAJE!E$4,IF(G21=2,KILOMETRAJE!E$5,IF(G21=3,KILOMETRAJE!E$6,IF(G21=4,KILOMETRAJE!E$7,IF(G21=5,KILOMETRAJE!E$8,IF(G21=6,KILOMETRAJE!E$9,IF(G21=7,KILOMETRAJE!E$10,IF(G21=8,KILOMETRAJE!E$11,IF(G21=9,KILOMETRAJE!E$12,IF(G21=10,KILOMETRAJE!E$13,IF(G21=11,KILOMETRAJE!E$14,IF(G21=12,KILOMETRAJE!E$15,IF(G21=13,KILOMETRAJE!E$16,IF(G21=14,KILOMETRAJE!E$17,IF(G21=15,KILOMETRAJE!E$18,IF(G21=16,KILOMETRAJE!E$19,IF(G21=17,KILOMETRAJE!E$20,IF(G21=18,KILOMETRAJE!E$21,IF(G21=19,KILOMETRAJE!E$22,IF(G21=20,KILOMETRAJE!E$23,IF(G21=21,KILOMETRAJE!E$24,IF(G21=22,KILOMETRAJE!E$25,IF(G21=23,KILOMETRAJE!E$26,IF(G21=24,KILOMETRAJE!E$27,IF(G21=25,KILOMETRAJE!E$28,IF(G21=26,KILOMETRAJE!E$29,IF(G21=27,KILOMETRAJE!E$30,IF(G21=28,KILOMETRAJE!E$31,IF(G21=29,KILOMETRAJE!E$32,IF(G21=30,KILOMETRAJE!E$33,IF(G21=31,KILOMETRAJE!E$34,IF(G21=32,KILOMETRAJE!E$35,IF(G21=33,KILOMETRAJE!E$36,IF(G21=34,KILOMETRAJE!E$37,IF(G21=35,KILOMETRAJE!E$38,IF(G21=36,KILOMETRAJE!E$39,IF(G21=37,KILOMETRAJE!E$40,IF(G21=38,KILOMETRAJE!E$41,IF(G21=39,KILOMETRAJE!E$42,IF(G21=40,KILOMETRAJE!E$43,IF(G21=41,KILOMETRAJE!E$44,IF(G21=42,KILOMETRAJE!E$45,IF(G21=43,KILOMETRAJE!E$46,IF(G21=44,KILOMETRAJE!E$47,IF(G21=45,KILOMETRAJE!E$48,IF(G21=46,KILOMETRAJE!E$49,IF(G21=47,KILOMETRAJE!E$50,IF(G21=48,KILOMETRAJE!E$51,IF(G21=49,KILOMETRAJE!E$52,IF(G21=50,KILOMETRAJE!E$53,IF(G21=51,KILOMETRAJE!E$54,IF(G21=52,KILOMETRAJE!E$55,IF(G21=53,KILOMETRAJE!E$56,IF(G21=54,KILOMETRAJE!E$57,IF(G21=55,KILOMETRAJE!E$58,IF(G21=56,KILOMETRAJE!E$59,IF(G21=57,KILOMETRAJE!E$60,IF(G21=58,KILOMETRAJE!E$61,IF(G21=59,KILOMETRAJE!E$62,IF(G21=60,KILOMETRAJE!E$63,IF(G21=61,KILOMETRAJE!E$64,IF(G21=62,KILOMETRAJE!E$65,IF(G21=63,KILOMETRAJE!E$66))))))))))))))))))))))))))))))))))))))))))))))))))))))))))))))) -> CHIH. | J21: =IF(G21=1,KILOMETRAJE!G$4,IF(G21=2,KILOMETRAJE!G$5,IF(G21=3,KILOMETRAJE!G$6,IF(G21=4,KILOMETRAJE!G$7,IF(G21=5,KILOMETRAJE!G$8,IF(G21=6,KILOMETRAJE!G$9,IF(G21=7,KILOMETRAJE!G$10,IF(G21=8,KILOMETRAJE!G$11,IF(G21=9,KILOMETRAJE!G$12,IF(G21=10,KILOMETRAJE!G$13,IF(G21=11,KILOMETRAJE!G$14,IF(G21=12,KILOMETRAJE!G$15,IF(G21=13,KILOMETRAJE!G$16,IF(G21=14,KILOMETRAJE!G$17,IF(G21=15,KILOMETRAJE!G$18,IF(G21=16,KILOMETRAJE!G$19,IF(G21=17,KILOMETRAJE!G$20,IF(G21=18,KILOMETRAJE!G$21,IF(G21=19,KILOMETRAJE!G$22,IF(G21=20,KILOMETRAJE!G$23,IF(G21=21,KILOMETRAJE!G$24,IF(G21=22,KILOMETRAJE!G$25,IF(G21=23,KILOMETRAJE!G$26,IF(G21=24,KILOMETRAJE!G$27,IF(G21=25,KILOMETRAJE!G$28,IF(G21=26,KILOMETRAJE!G$29,IF(G21=27,KILOMETRAJE!G$30,IF(G21=28,KILOMETRAJE!G$31,IF(G21=29,KILOMETRAJE!G$32,IF(G21=30,KILOMETRAJE!G$33,IF(G21=31,KILOMETRAJE!G$34,IF(G21=32,KILOMETRAJE!G$35,IF(G21=33,KILOMETRAJE!G$36,IF(G21=34,KILOMETRAJE!G$37,IF(G21=35,KILOMETRAJE!G$38,IF(G21=36,KILOMETRAJE!G$39,IF(G21=37,KILOMETRAJE!G$40,IF(G21=38,KILOMETRAJE!G$41,IF(G21=39,KILOMETRAJE!G$42,IF(G21=40,KILOMETRAJE!G$43,IF(G21=41,KILOMETRAJE!G$44,IF(G21=42,KILOMETRAJE!G$45,IF(G21=43,KILOMETRAJE!G$46,IF(G21=44,KILOMETRAJE!G$47,IF(G21=45,KILOMETRAJE!G$48,IF(G21=46,KILOMETRAJE!G$49,IF(G21=47,KILOMETRAJE!G$50,IF(G21=48,KILOMETRAJE!G$51,IF(G21=49,KILOMETRAJE!G$52,IF(G21=50,KILOMETRAJE!G$53,IF(G21=51,KILOMETRAJE!G$54,IF(G21=52,KILOMETRAJE!G$55,IF(G21=53,KILOMETRAJE!G$56,IF(G21=54,KILOMETRAJE!G$57,IF(G21=55,KILOMETRAJE!G$58,IF(G21=56,KILOMETRAJE!G$59,IF(G21=57,KILOMETRAJE!G$60,IF(G21=58,KILOMETRAJE!G$61,IF(G21=59,KILOMETRAJE!G$62,IF(G21=60,KILOMETRAJE!G$63,IF(G21=61,KILOMETRAJE!G$64,IF(G21=62,KILOMETRAJE!G$65,IF(G21=63,KILOMETRAJE!G$66))))))))))))))))))))))))))))))))))))))))))))))))))))))))))))))) -> 375 | M21: 18970 | N21: 1 | O21: 37427 | P21: CFI | Q21: =((((IF(N21=1,((J21)*0.29333)))+(IF(N21=2,((J21)*0.146666)))+(IF(N21=3,((J21)*0.146666)))))+(IF(N21=4,((J21-40)*0.29333)))+(IF(N21=5,((J21-50)*0.29333)))+(IF(N21=6,((J21-90)*0.29333)))) -> 109.99875 | U21: 7 | V21: 9
D22: 2875125-3 | E22: 45943 | F22: 45943 | G22: 3 | H22: =IF(G22=1,KILOMETRAJE!C$4,IF(G22=2,KILOMETRAJE!C$5,IF(G22=3,KILOMETRAJE!C$6,IF(G22=4,KILOMETRAJE!C$7,IF(G22=5,KILOMETRAJE!C$8,IF(G22=6,KILOMETRAJE!C$9,IF(G22=7,KILOMETRAJE!C$10,IF(G22=8,KILOMETRAJE!C$11,IF(G22=9,KILOMETRAJE!C$12,IF(G22=10,KILOMETRAJE!C$13,IF(G22=11,KILOMETRAJE!C$14,IF(G22=12,KILOMETRAJE!C$15,IF(G22=13,KILOMETRAJE!C$16,IF(G22=14,KILOMETRAJE!C$17,IF(G22=15,KILOMETRAJE!C$18,IF(G22=16,KILOMETRAJE!C$19,IF(G22=17,KILOMETRAJE!C$20,IF(G22=18,KILOMETRAJE!C$21,IF(G22=19,KILOMETRAJE!C$22,IF(G22=20,KILOMETRAJE!C$23,IF(G22=21,KILOMETRAJE!C$24,IF(G22=22,KILOMETRAJE!C$25,IF(G22=23,KILOMETRAJE!C$26,IF(G22=24,KILOMETRAJE!C$27,IF(G22=25,KILOMETRAJE!C$28,IF(G22=26,KILOMETRAJE!C$29,IF(G22=27,KILOMETRAJE!C$30,IF(G22=28,KILOMETRAJE!C$31,IF(G22=29,KILOMETRAJE!C$32,IF(G22=30,KILOMETRAJE!C$33,IF(G22=31,KILOMETRAJE!C$34,IF(G22=32,KILOMETRAJE!C$35,IF(G22=33,KILOMETRAJE!C$36,IF(G22=34,KILOMETRAJE!C$37,IF(G22=35,KILOMETRAJE!C$38,IF(G22=36,KILOMETRAJE!C$39,IF(G22=37,KILOMETRAJE!C$40,IF(G22=38,KILOMETRAJE!C$41,IF(G22=39,KILOMETRAJE!C$42,IF(G22=40,KILOMETRAJE!C$43,IF(G22=41,KILOMETRAJE!C$44,IF(G22=42,KILOMETRAJE!C$45,IF(G22=43,KILOMETRAJE!C$46,IF(G22=44,KILOMETRAJE!C$47,IF(G22=45,KILOMETRAJE!C$48,IF(G22=46,KILOMETRAJE!C$49,IF(G22=47,KILOMETRAJE!C$50,IF(G22=48,KILOMETRAJE!C$51,IF(G22=49,KILOMETRAJE!C$52,IF(G22=50,KILOMETRAJE!C$53,IF(G22=51,KILOMETRAJE!C$54,IF(G22=52,KILOMETRAJE!C$55,IF(G22=53,KILOMETRAJE!C$56,IF(G22=54,KILOMETRAJE!C$57,IF(G22=55,KILOMETRAJE!C$58,IF(G22=56,KILOMETRAJE!C$59,IF(G22=57,KILOMETRAJE!C$60,IF(G22=58,KILOMETRAJE!C$61,IF(G22=59,KILOMETRAJE!C$62,IF(G22=60,KILOMETRAJE!C$63,IF(G22=61,KILOMETRAJE!C$64,IF(G22=62,KILOMETRAJE!C$65,IF(G22=63,KILOMETRAJE!C$66))))))))))))))))))))))))))))))))))))))))))))))))))))))))))))))) -> CHIH. | I22: =IF(G22=1,KILOMETRAJE!E$4,IF(G22=2,KILOMETRAJE!E$5,IF(G22=3,KILOMETRAJE!E$6,IF(G22=4,KILOMETRAJE!E$7,IF(G22=5,KILOMETRAJE!E$8,IF(G22=6,KILOMETRAJE!E$9,IF(G22=7,KILOMETRAJE!E$10,IF(G22=8,KILOMETRAJE!E$11,IF(G22=9,KILOMETRAJE!E$12,IF(G22=10,KILOMETRAJE!E$13,IF(G22=11,KILOMETRAJE!E$14,IF(G22=12,KILOMETRAJE!E$15,IF(G22=13,KILOMETRAJE!E$16,IF(G22=14,KILOMETRAJE!E$17,IF(G22=15,KILOMETRAJE!E$18,IF(G22=16,KILOMETRAJE!E$19,IF(G22=17,KILOMETRAJE!E$20,IF(G22=18,KILOMETRAJE!E$21,IF(G22=19,KILOMETRAJE!E$22,IF(G22=20,KILOMETRAJE!E$23,IF(G22=21,KILOMETRAJE!E$24,IF(G22=22,KILOMETRAJE!E$25,IF(G22=23,KILOMETRAJE!E$26,IF(G22=24,KILOMETRAJE!E$27,IF(G22=25,KILOMETRAJE!E$28,IF(G22=26,KILOMETRAJE!E$29,IF(G22=27,KILOMETRAJE!E$30,IF(G22=28,KILOMETRAJE!E$31,IF(G22=29,KILOMETRAJE!E$32,IF(G22=30,KILOMETRAJE!E$33,IF(G22=31,KILOMETRAJE!E$34,IF(G22=32,KILOMETRAJE!E$35,IF(G22=33,KILOMETRAJE!E$36,IF(G22=34,KILOMETRAJE!E$37,IF(G22=35,KILOMETRAJE!E$38,IF(G22=36,KILOMETRAJE!E$39,IF(G22=37,KILOMETRAJE!E$40,IF(G22=38,KILOMETRAJE!E$41,IF(G22=39,KILOMETRAJE!E$42,IF(G22=40,KILOMETRAJE!E$43,IF(G22=41,KILOMETRAJE!E$44,IF(G22=42,KILOMETRAJE!E$45,IF(G22=43,KILOMETRAJE!E$46,IF(G22=44,KILOMETRAJE!E$47,IF(G22=45,KILOMETRAJE!E$48,IF(G22=46,KILOMETRAJE!E$49,IF(G22=47,KILOMETRAJE!E$50,IF(G22=48,KILOMETRAJE!E$51,IF(G22=49,KILOMETRAJE!E$52,IF(G22=50,KILOMETRAJE!E$53,IF(G22=51,KILOMETRAJE!E$54,IF(G22=52,KILOMETRAJE!E$55,IF(G22=53,KILOMETRAJE!E$56,IF(G22=54,KILOMETRAJE!E$57,IF(G22=55,KILOMETRAJE!E$58,IF(G22=56,KILOMETRAJE!E$59,IF(G22=57,KILOMETRAJE!E$60,IF(G22=58,KILOMETRAJE!E$61,IF(G22=59,KILOMETRAJE!E$62,IF(G22=60,KILOMETRAJE!E$63,IF(G22=61,KILOMETRAJE!E$64,IF(G22=62,KILOMETRAJE!E$65,IF(G22=63,KILOMETRAJE!E$66))))))))))))))))))))))))))))))))))))))))))))))))))))))))))))))) -> JRZ | J22: =IF(G22=1,KILOMETRAJE!G$4,IF(G22=2,KILOMETRAJE!G$5,IF(G22=3,KILOMETRAJE!G$6,IF(G22=4,KILOMETRAJE!G$7,IF(G22=5,KILOMETRAJE!G$8,IF(G22=6,KILOMETRAJE!G$9,IF(G22=7,KILOMETRAJE!G$10,IF(G22=8,KILOMETRAJE!G$11,IF(G22=9,KILOMETRAJE!G$12,IF(G22=10,KILOMETRAJE!G$13,IF(G22=11,KILOMETRAJE!G$14,IF(G22=12,KILOMETRAJE!G$15,IF(G22=13,KILOMETRAJE!G$16,IF(G22=14,KILOMETRAJE!G$17,IF(G22=15,KILOMETRAJE!G$18,IF(G22=16,KILOMETRAJE!G$19,IF(G22=17,KILOMETRAJE!G$20,IF(G22=18,KILOMETRAJE!G$21,IF(G22=19,KILOMETRAJE!G$22,IF(G22=20,KILOMETRAJE!G$23,IF(G22=21,KILOMETRAJE!G$24,IF(G22=22,KILOMETRAJE!G$25,IF(G22=23,KILOMETRAJE!G$26,IF(G22=24,KILOMETRAJE!G$27,IF(G22=25,KILOMETRAJE!G$28,IF(G22=26,KILOMETRAJE!G$29,IF(G22=27,KILOMETRAJE!G$30,IF(G22=28,KILOMETRAJE!G$31,IF(G22=29,KILOMETRAJE!G$32,IF(G22=30,KILOMETRAJE!G$33,IF(G22=31,KILOMETRAJE!G$34,IF(G22=32,KILOMETRAJE!G$35,IF(G22=33,KILOMETRAJE!G$36,IF(G22=34,KILOMETRAJE!G$37,IF(G22=35,KILOMETRAJE!G$38,IF(G22=36,KILOMETRAJE!G$39,IF(G22=37,KILOMETRAJE!G$40,IF(G22=38,KILOMETRAJE!G$41,IF(G22=39,KILOMETRAJE!G$42,IF(G22=40,KILOMETRAJE!G$43,IF(G22=41,KILOMETRAJE!G$44,IF(G22=42,KILOMETRAJE!G$45,IF(G22=43,KILOMETRAJE!G$46,IF(G22=44,KILOMETRAJE!G$47,IF(G22=45,KILOMETRAJE!G$48,IF(G22=46,KILOMETRAJE!G$49,IF(G22=47,KILOMETRAJE!G$50,IF(G22=48,KILOMETRAJE!G$51,IF(G22=49,KILOMETRAJE!G$52,IF(G22=50,KILOMETRAJE!G$53,IF(G22=51,KILOMETRAJE!G$54,IF(G22=52,KILOMETRAJE!G$55,IF(G22=53,KILOMETRAJE!G$56,IF(G22=54,KILOMETRAJE!G$57,IF(G22=55,KILOMETRAJE!G$58,IF(G22=56,KILOMETRAJE!G$59,IF(G22=57,KILOMETRAJE!G$60,IF(G22=58,KILOMETRAJE!G$61,IF(G22=59,KILOMETRAJE!G$62,IF(G22=60,KILOMETRAJE!G$63,IF(G22=61,KILOMETRAJE!G$64,IF(G22=62,KILOMETRAJE!G$65,IF(G22=63,KILOMETRAJE!G$66))))))))))))))))))))))))))))))))))))))))))))))))))))))))))))))) -> 375 | K22: 275.487 | L22: =SUM(J21:J22)/K22 -> 2.7224515 | M22: 10296 | N22: 1 | O22: FSA30905 | P22: YAZAKI COM. | Q22: =((((IF(N22=1,((J22)*0.29333)))+(IF(N22=2,((J22)*0.146666)))+(IF(N22=3,((J22)*0.146666)))))+(IF(N22=4,((J22-40)*0.29333)))+(IF(N22=5,((J22-50)*0.29333)))+(IF(N22=6,((J22-90)*0.29333)))) -> 109.99875 | R22: =+LOOKUP(P41,UNIDADES!B$3:B$59,UNIDADES!C$3:C$59) -> 2.45098 | S22: =+((SUM(J21:J22))/R22)-K22 -> 30.513049 | T22: =+S22*14.85 -> 453.11878 | U22: 7 | V22: 9
E34: CRUCES | F34: =+'AGUILAR ESQUIVEL CARLOS'!F34 -> 45936 | H34: =+F34+1 -> 45937 | I34: =+H34+1 -> 45938 | J34: =+I34+1 -> 45939 | K34: =+J34+1 -> 45940 | L34: =+K34+2 -> 45942 | M34: TOTAL.C
M35: =SUM(F35:L35) -> 0
C37: PERCEPCIONES DE LA SEMANA | I37: ADELANTO DE LIQUIDACION | O37: TOTAL: | Q37: =+F48-L46 -> 2113.339
C38: PAGO POR KM | F38: =SUM(Q18:Q33) -> 439.995 | I38: CONCEPTO | J38: FECHA | K38: FOLIO | L38: MONTO
C39: DIESEL A FAVOR | F39: =SUM(T18:T33) -> 1673.344 | O39: FOLIO | P39: UNIDAD | Q39: ODM. INICIAL | S39: ODM. FINAL | T39: KM. RECORR | U39: KM. LIQUID | V39: LTS | W39: PESO
C40: CRUCES | F40: =+M35 -> 0 | O40: 45949 | P40: F-024 | Q40: 1595048 | S40: 1595771 | T40: =+S40-Q40 -> 723 | U40: =SUM(J19:J20) -> 750 | V40: =+K20 -> 223.83 | W40: =(SUM(M19:M20)/2) -> 6336.717
C41: DOBLETE | O41: 45967 | P41: F-024 | Q41: 1595771 | S41: 1596515 | T41: =+S41-Q41 -> 744 | U41: =SUM(J21:J22) -> 750 | V41: =+K22 -> 275.487 | W41: =(SUM(M21:M22)/2) -> 14633
C42: ESTANCIAS | T42: =+S42-Q42 -> 0 | U42: =SUM(J23:J24) -> 0 | V42: =+K24 -> 0 | W42: =(SUM(M23:M24)/2) -> 0
C43: BONO QMS | F43: 0 | T43: =+S43-Q43 -> 0 | U43: =SUM(J25:J26) -> 0 | V43: =+K26 -> 0 | W43: =(SUM(M25:M26)/2) -> 0
C44: CRUCE PERICAS | T44: =+S44-Q44 -> 0 | U44: =SUM(J27:J28) -> 0 | V44: =+K28 -> 0 | W44: =(SUM(M27:M28)/2) -> 0
C45: BONO TRANSERVICIOS | F45: 0 | T45: =+S45-Q45 -> 0 | U45: =SUM(J29:J30) -> 0 | V45: =+K30 -> 0 | W45: =(SUM(M29:M30)/2) -> 0
C46: BONO POSTURA | F46: 0 | I46: TOTAL DEDUCCIONES: | L46: =SUM(L39:L45) -> 0 | T46: =+S46-Q46 -> 0 | U46: =SUM(J31:J32) -> 0 | V46: =+K32 -> 0 | W46: =(SUM(M31:M32)/2) -> 0
C48: TOTAL DE PERCEPCIONES: | F48: =SUM(F38:G47) -> 2113.339
P49: CODIGO C/V/PT
C50: OBSERVACIONES: | P50: 1 | Q50: CARGADO
P51: 2 | Q51: VACIO
P52: 3 | Q52: PT
P53: 4 | Q53: CARGADO/ELP
P54: 5 | Q54: CARGADO FOK/HAW
D55: FIRMA DE AUTORIZACION | J55: FIRMA DE CONFORMIDAD | P55: 6 | Q55: CARGADO FOK/HAW-EL P

Sheet BALDERRAMA ROBLES JORGE
Q2: SEMANA:
I3: FLETES SOTELO S.A DE C.V | Q3: ='REYES LARA DANTE'!Q3 -> 42
I4: RFC: FSO880915JP8
I5: CAMINO DE LOS ESTEROS 720 | Q5: FOLIO DE LIQUIDACION
I6: PARTIDO DOBALDO CD.JUAREZ CHIHU. | Q6: =+'CARDENAS CARDENAS JAVIER '!Q6+1 -> 29
I9: INFORMACION DEL OPERADOR
D11: OPERADOR: | E11: BALDERRAMA ROBLES JORGE | K11: FECHA DE PERIODO: | L11: ='AGUILAR ESQUIVEL CARLOS'!L11 -> SEMANA #42 PERIODO DEL 06 AL 12 DE OCTUBRE DEL 2025
D12: UNIDAD: | E12: F-024
D14: ODOM.INIC: | F14: 105625 | I14: COMBUSTIBLE INICI: | O14: COMBUSTIBLE CARGADO:
D15: ODOM.FINAL: | F15: 106338 | I15: COMBUSTIBLE FIN: | O15: DIF. DE DIESEL:
D16: KM RECORRIDOS: | F16: =SUM(J19:J32) -> 0 | I16: DIESEL CONSUMIDO: | J16: =SUM(K19:K32) -> 0 | O16: RENDIMIENTO: | P16: =+F16/J16 -> #DIV/0!
C18: FOLIO LIQUIDACION | D18: CORDENADA | E18: FECHA SALIDA | F18: FECHA LLEGADA | G18: R: | H18: ORIGEN | I18: DESTINO | J18: KMS | K18: RECARGA | L18: RENDIMIENTO | M18: PESO DE CARGA (kg) | N18: C / V / PT | O18: REMOLQUE | P18: CLIENTE | Q18: PAGO POR KM | R18: RENDIMIENTO PAGO | S18: LITROS A PAGO | T18: DIESEL A FAVOR
H19: =IF(G19=1,KILOMETRAJE!C$4,IF(G19=2,KILOMETRAJE!C$5,IF(G19=3,KILOMETRAJE!C$6,IF(G19=4,KILOMETRAJE!C$7,IF(G19=5,KILOMETRAJE!C$8,IF(G19=6,KILOMETRAJE!C$9,IF(G19=7,KILOMETRAJE!C$10,IF(G19=8,KILOMETRAJE!C$11,IF(G19=9,KILOMETRAJE!C$12,IF(G19=10,KILOMETRAJE!C$13,IF(G19=11,KILOMETRAJE!C$14,IF(G19=12,KILOMETRAJE!C$15,IF(G19=13,KILOMETRAJE!C$16,IF(G19=14,KILOMETRAJE!C$17,IF(G19=15,KILOMETRAJE!C$18,IF(G19=16,KILOMETRAJE!C$19,IF(G19=17,KILOMETRAJE!C$20,IF(G19=18,KILOMETRAJE!C$21,IF(G19=19,KILOMETRAJE!C$22,IF(G19=20,KILOMETRAJE!C$23,IF(G19=21,KILOMETRAJE!C$24,IF(G19=22,KILOMETRAJE!C$25,IF(G19=23,KILOMETRAJE!C$26,IF(G19=24,KILOMETRAJE!C$27,IF(G19=25,KILOMETRAJE!C$28,IF(G19=26,KILOMETRAJE!C$29,IF(G19=27,KILOMETRAJE!C$30,IF(G19=28,KILOMETRAJE!C$31,IF(G19=29,KILOMETRAJE!C$32,IF(G19=30,KILOMETRAJE!C$33,IF(G19=31,KILOMETRAJE!C$34,IF(G19=32,KILOMETRAJE!C$35,IF(G19=33,KILOMETRAJE!C$36,IF(G19=34,KILOMETRAJE!C$37,IF(G19=35,KILOMETRAJE!C$38,IF(G19=36,KILOMETRAJE!C$39,IF(G19=37,KILOMETRAJE!C$40,IF(G19=38,KILOMETRAJE!C$41,IF(G19=39,KILOMETRAJE!C$42,IF(G19=40,KILOMETRAJE!C$43,IF(G19=41,KILOMETRAJE!C$44,IF(G19=42,KILOMETRAJE!C$45,IF(G19=43,KILOMETRAJE!C$46,IF(G19=44,KILOMETRAJE!C$47,IF(G19=45,KILOMETRAJE!C$48,IF(G19=46,KILOMETRAJE!C$49,IF(G19=47,KILOMETRAJE!C$50,IF(G19=48,KILOMETRAJE!C$51,IF(G19=49,KILOMETRAJE!C$52,IF(G19=50,KILOMETRAJE!C$53,IF(G19=51,KILOMETRAJE!C$54,IF(G19=52,KILOMETRAJE!C$55,IF(G19=53,KILOMETRAJE!C$56,IF(G19=54,KILOMETRAJE!C$57,IF(G19=55,KILOMETRAJE!C$58,IF(G19=56,KILOMETRAJE!C$59,IF(G19=57,KILOMETRAJE!C$60,IF(G19=58,KILOMETRAJE!C$61,IF(G19=59,KILOMETRAJE!C$62,IF(G19=60,KILOMETRAJE!C$63,IF(G19=61,KILOMETRAJE!C$64,IF(G19=62,KILOMETRAJE!C$65,IF(G19=63,KILOMETRAJE!C$66))))))))))))))))))))))))))))))))))))))))))))))))))))))))))))))) -> FALSE | I19: =IF(G19=1,KILOMETRAJE!E$4,IF(G19=2,KILOMETRAJE!E$5,IF(G19=3,KILOMETRAJE!E$6,IF(G19=4,KILOMETRAJE!E$7,IF(G19=5,KILOMETRAJE!E$8,IF(G19=6,KILOMETRAJE!E$9,IF(G19=7,KILOMETRAJE!E$10,IF(G19=8,KILOMETRAJE!E$11,IF(G19=9,KILOMETRAJE!E$12,IF(G19=10,KILOMETRAJE!E$13,IF(G19=11,KILOMETRAJE!E$14,IF(G19=12,KILOMETRAJE!E$15,IF(G19=13,KILOMETRAJE!E$16,IF(G19=14,KILOMETRAJE!E$17,IF(G19=15,KILOMETRAJE!E$18,IF(G19=16,KILOMETRAJE!E$19,IF(G19=17,KILOMETRAJE!E$20,IF(G19=18,KILOMETRAJE!E$21,IF(G19=19,KILOMETRAJE!E$22,IF(G19=20,KILOMETRAJE!E$23,IF(G19=21,KILOMETRAJE!E$24,IF(G19=22,KILOMETRAJE!E$25,IF(G19=23,KILOMETRAJE!E$26,IF(G19=24,KILOMETRAJE!E$27,IF(G19=25,KILOMETRAJE!E$28,IF(G19=26,KILOMETRAJE!E$29,IF(G19=27,KILOMETRAJE!E$30,IF(G19=28,KILOMETRAJE!E$31,IF(G19=29,KILOMETRAJE!E$32,IF(G19=30,KILOMETRAJE!E$33,IF(G19=31,KILOMETRAJE!E$34,IF(G19=32,KILOMETRAJE!E$35,IF(G19=33,KILOMETRAJE!E$36,IF(G19=34,KILOMETRAJE!E$37,IF(G19=35,KILOMETRAJE!E$38,IF(G19=36,KILOMETRAJE!E$39,IF(G19=37,KILOMETRAJE!E$40,IF(G19=38,KILOMETRAJE!E$41,IF(G19=39,KILOMETRAJE!E$42,IF(G19=40,KILOMETRAJE!E$43,IF(G19=41,KILOMETRAJE!E$44,IF(G19=42,KILOMETRAJE!E$45,IF(G19=43,KILOMETRAJE!E$46,IF(G19=44,KILOMETRAJE!E$47,IF(G19=45,KILOMETRAJE!E$48,IF(G19=46,KILOMETRAJE!E$49,IF(G19=47,KILOMETRAJE!E$50,IF(G19=48,KILOMETRAJE!E$51,IF(G19=49,KILOMETRAJE!E$52,IF(G19=50,KILOMETRAJE!E$53,IF(G19=51,KILOMETRAJE!E$54,IF(G19=52,KILOMETRAJE!E$55,IF(G19=53,KILOMETRAJE!E$56,IF(G19=54,KILOMETRAJE!E$57,IF(G19=55,KILOMETRAJE!E$58,IF(G19=56,KILOMETRAJE!E$59,IF(G19=57,KILOMETRAJE!E$60,IF(G19=58,KILOMETRAJE!E$61,IF(G19=59,KILOMETRAJE!E$62,IF(G19=60,KILOMETRAJE!E$63,IF(G19=61,KILOMETRAJE!E$64,IF(G19=62,KILOMETRAJE!E$65,IF(G19=63,KILOMETRAJE!E$66))))))))))))))))))))))))))))))))))))))))))))))))))))))))))))))) -> FALSE | J19: =IF(G19=1,KILOMETRAJE!G$4,IF(G19=2,KILOMETRAJE!G$5,IF(G19=3,KILOMETRAJE!G$6,IF(G19=4,KILOMETRAJE!G$7,IF(G19=5,KILOMETRAJE!G$8,IF(G19=6,KILOMETRAJE!G$9,IF(G19=7,KILOMETRAJE!G$10,IF(G19=8,KILOMETRAJE!G$11,IF(G19=9,KILOMETRAJE!G$12,IF(G19=10,KILOMETRAJE!G$13,IF(G19=11,KILOMETRAJE!G$14,IF(G19=12,KILOMETRAJE!G$15,IF(G19=13,KILOMETRAJE!G$16,IF(G19=14,KILOMETRAJE!G$17,IF(G19=15,KILOMETRAJE!G$18,IF(G19=16,KILOMETRAJE!G$19,IF(G19=17,KILOMETRAJE!G$20,IF(G19=18,KILOMETRAJE!G$21,IF(G19=19,KILOMETRAJE!G$22,IF(G19=20,KILOMETRAJE!G$23,IF(G19=21,KILOMETRAJE!G$24,IF(G19=22,KILOMETRAJE!G$25,IF(G19=23,KILOMETRAJE!G$26,IF(G19=24,KILOMETRAJE!G$27,IF(G19=25,KILOMETRAJE!G$28,IF(G19=26,KILOMETRAJE!G$29,IF(G19=27,KILOMETRAJE!G$30,IF(G19=28,KILOMETRAJE!G$31,IF(G19=29,KILOMETRAJE!G$32,IF(G19=30,KILOMETRAJE!G$33,IF(G19=31,KILOMETRAJE!G$34,IF(G19=32,KILOMETRAJE!G$35,IF(G19=33,KILOMETRAJE!G$36,IF(G19=34,KILOMETRAJE!G$37,IF(G19=35,KILOMETRAJE!G$38,IF(G19=36,KILOMETRAJE!G$39,IF(G19=37,KILOMETRAJE!G$40,IF(G19=38,KILOMETRAJE!G$41,IF(G19=39,KILOMETRAJE!G$42,IF(G19=40,KILOMETRAJE!G$43,IF(G19=41,KILOMETRAJE!G$44,IF(G19=42,KILOMETRAJE!G$45,IF(G19=43,KILOMETRAJE!G$46,IF(G19=44,KILOMETRAJE!G$47,IF(G19=45,KILOMETRAJE!G$48,IF(G19=46,KILOMETRAJE!G$49,IF(G19=47,KILOMETRAJE!G$50,IF(G19=48,KILOMETRAJE!G$51,IF(G19=49,KILOMETRAJE!G$52,IF(G19=50,KILOMETRAJE!G$53,IF(G19=51,KILOMETRAJE!G$54,IF(G19=52,KILOMETRAJE!G$55,IF(G19=53,KILOMETRAJE!G$56,IF(G19=54,KILOMETRAJE!G$57,IF(G19=55,KILOMETRAJE!G$58,IF(G19=56,KILOMETRAJE!G$59,IF(G19=57,KILOMETRAJE!G$60,IF(G19=58,KILOMETRAJE!G$61,IF(G19=59,KILOMETRAJE!G$62,IF(G19=60,KILOMETRAJE!G$63,IF(G19=61,KILOMETRAJE!G$64,IF(G19=62,KILOMETRAJE!G$65,IF(G19=63,KILOMETRAJE!G$66))))))))))))))))))))))))))))))))))))))))))))))))))))))))))))))) -> FALSE | Q19: =((((IF(N19=1,((J19)*0.29333)))+(IF(N19=2,((J19)*0.146666)))+(IF(N19=3,((J19)*0.146666)))))+(IF(N19=4,((J19-40)*0.29333)))+(IF(N19=5,((J19-50)*0.29333)))+(IF(N19=6,((J19-90)*0.29333)))) -> 0
H20: =IF(G20=1,KILOMETRAJE!C$4,IF(G20=2,KILOMETRAJE!C$5,IF(G20=3,KILOMETRAJE!C$6,IF(G20=4,KILOMETRAJE!C$7,IF(G20=5,KILOMETRAJE!C$8,IF(G20=6,KILOMETRAJE!C$9,IF(G20=7,KILOMETRAJE!C$10,IF(G20=8,KILOMETRAJE!C$11,IF(G20=9,KILOMETRAJE!C$12,IF(G20=10,KILOMETRAJE!C$13,IF(G20=11,KILOMETRAJE!C$14,IF(G20=12,KILOMETRAJE!C$15,IF(G20=13,KILOMETRAJE!C$16,IF(G20=14,KILOMETRAJE!C$17,IF(G20=15,KILOMETRAJE!C$18,IF(G20=16,KILOMETRAJE!C$19,IF(G20=17,KILOMETRAJE!C$20,IF(G20=18,KILOMETRAJE!C$21,IF(G20=19,KILOMETRAJE!C$22,IF(G20=20,KILOMETRAJE!C$23,IF(G20=21,KILOMETRAJE!C$24,IF(G20=22,KILOMETRAJE!C$25,IF(G20=23,KILOMETRAJE!C$26,IF(G20=24,KILOMETRAJE!C$27,IF(G20=25,KILOMETRAJE!C$28,IF(G20=26,KILOMETRAJE!C$29,IF(G20=27,KILOMETRAJE!C$30,IF(G20=28,KILOMETRAJE!C$31,IF(G20=29,KILOMETRAJE!C$32,IF(G20=30,KILOMETRAJE!C$33,IF(G20=31,KILOMETRAJE!C$34,IF(G20=32,KILOMETRAJE!C$35,IF(G20=33,KILOMETRAJE!C$36,IF(G20=34,KILOMETRAJE!C$37,IF(G20=35,KILOMETRAJE!C$38,IF(G20=36,KILOMETRAJE!C$39,IF(G20=37,KILOMETRAJE!C$40,IF(G20=38,KILOMETRAJE!C$41,IF(G20=39,KILOMETRAJE!C$42,IF(G20=40,KILOMETRAJE!C$43,IF(G20=41,KILOMETRAJE!C$44,IF(G20=42,KILOMETRAJE!C$45,IF(G20=43,KILOMETRAJE!C$46,IF(G20=44,KILOMETRAJE!C$47,IF(G20=45,KILOMETRAJE!C$48,IF(G20=46,KILOMETRAJE!C$49,IF(G20=47,KILOMETRAJE!C$50,IF(G20=48,KILOMETRAJE!C$51,IF(G20=49,KILOMETRAJE!C$52,IF(G20=50,KILOMETRAJE!C$53,IF(G20=51,KILOMETRAJE!C$54,IF(G20=52,KILOMETRAJE!C$55,IF(G20=53,KILOMETRAJE!C$56,IF(G20=54,KILOMETRAJE!C$57,IF(G20=55,KILOMETRAJE!C$58,IF(G20=56,KILOMETRAJE!C$59,IF(G20=57,KILOMETRAJE!C$60,IF(G20=58,KILOMETRAJE!C$61,IF(G20=59,KILOMETRAJE!C$62,IF(G20=60,KILOMETRAJE!C$63,IF(G20=61,KILOMETRAJE!C$64,IF(G20=62,KILOMETRAJE!C$65,IF(G20=63,KILOMETRAJE!C$66))))))))))))))))))))))))))))))))))))))))))))))))))))))))))))))) -> FALSE | I20: =IF(G20=1,KILOMETRAJE!E$4,IF(G20=2,KILOMETRAJE!E$5,IF(G20=3,KILOMETRAJE!E$6,IF(G20=4,KILOMETRAJE!E$7,IF(G20=5,KILOMETRAJE!E$8,IF(G20=6,KILOMETRAJE!E$9,IF(G20=7,KILOMETRAJE!E$10,IF(G20=8,KILOMETRAJE!E$11,IF(G20=9,KILOMETRAJE!E$12,IF(G20=10,KILOMETRAJE!E$13,IF(G20=11,KILOMETRAJE!E$14,IF(G20=12,KILOMETRAJE!E$15,IF(G20=13,KILOMETRAJE!E$16,IF(G20=14,KILOMETRAJE!E$17,IF(G20=15,KILOMETRAJE!E$18,IF(G20=16,KILOMETRAJE!E$19,IF(G20=17,KILOMETRAJE!E$20,IF(G20=18,KILOMETRAJE!E$21,IF(G20=19,KILOMETRAJE!E$22,IF(G20=20,KILOMETRAJE!E$23,IF(G20=21,KILOMETRAJE!E$24,IF(G20=22,KILOMETRAJE!E$25,IF(G20=23,KILOMETRAJE!E$26,IF(G20=24,KILOMETRAJE!E$27,IF(G20=25,KILOMETRAJE!E$28,IF(G20=26,KILOMETRAJE!E$29,IF(G20=27,KILOMETRAJE!E$30,IF(G20=28,KILOMETRAJE!E$31,IF(G20=29,KILOMETRAJE!E$32,IF(G20=30,KILOMETRAJE!E$33,IF(G20=31,KILOMETRAJE!E$34,IF(G20=32,KILOMETRAJE!E$35,IF(G20=33,KILOMETRAJE!E$36,IF(G20=34,KILOMETRAJE!E$37,IF(G20=35,KILOMETRAJE!E$38,IF(G20=36,KILOMETRAJE!E$39,IF(G20=37,KILOMETRAJE!E$40,IF(G20=38,KILOMETRAJE!E$41,IF(G20=39,KILOMETRAJE!E$42,IF(G20=40,KILOMETRAJE!E$43,IF(G20=41,KILOMETRAJE!E$44,IF(G20=42,KILOMETRAJE!E$45,IF(G20=43,KILOMETRAJE!E$46,IF(G20=44,KILOMETRAJE!E$47,IF(G20=45,KILOMETRAJE!E$48,IF(G20=46,KILOMETRAJE!E$49,IF(G20=47,KILOMETRAJE!E$50,IF(G20=48,KILOMETRAJE!E$51,IF(G20=49,KILOMETRAJE!E$52,IF(G20=50,KILOMETRAJE!E$53,IF(G20=51,KILOMETRAJE!E$54,IF(G20=52,KILOMETRAJE!E$55,IF(G20=53,KILOMETRAJE!E$56,IF(G20=54,KILOMETRAJE!E$57,IF(G20=55,KILOMETRAJE!E$58,IF(G20=56,KILOMETRAJE!E$59,IF(G20=57,KILOMETRAJE!E$60,IF(G20=58,KILOMETRAJE!E$61,IF(G20=59,KILOMETRAJE!E$62,IF(G20=60,KILOMETRAJE!E$63,IF(G20=61,KILOMETRAJE!E$64,IF(G20=62,KILOMETRAJE!E$65,IF(G20=63,KILOMETRAJE!E$66))))))))))))))))))))))))))))))))))))))))))))))))))))))))))))))) -> FALSE | J20: =IF(G20=1,KILOMETRAJE!G$4,IF(G20=2,KILOMETRAJE!G$5,IF(G20=3,KILOMETRAJE!G$6,IF(G20=4,KILOMETRAJE!G$7,IF(G20=5,KILOMETRAJE!G$8,IF(G20=6,KILOMETRAJE!G$9,IF(G20=7,KILOMETRAJE!G$10,IF(G20=8,KILOMETRAJE!G$11,IF(G20=9,KILOMETRAJE!G$12,IF(G20=10,KILOMETRAJE!G$13,IF(G20=11,KILOMETRAJE!G$14,IF(G20=12,KILOMETRAJE!G$15,IF(G20=13,KILOMETRAJE!G$16,IF(G20=14,KILOMETRAJE!G$17,IF(G20=15,KILOMETRAJE!G$18,IF(G20=16,KILOMETRAJE!G$19,IF(G20=17,KILOMETRAJE!G$20,IF(G20=18,KILOMETRAJE!G$21,IF(G20=19,KILOMETRAJE!G$22,IF(G20=20,KILOMETRAJE!G$23,IF(G20=21,KILOMETRAJE!G$24,IF(G20=22,KILOMETRAJE!G$25,IF(G20=23,KILOMETRAJE!G$26,IF(G20=24,KILOMETRAJE!G$27,IF(G20=25,KILOMETRAJE!G$28,IF(G20=26,KILOMETRAJE!G$29,IF(G20=27,KILOMETRAJE!G$30,IF(G20=28,KILOMETRAJE!G$31,IF(G20=29,KILOMETRAJE!G$32,IF(G20=30,KILOMETRAJE!G$33,IF(G20=31,KILOMETRAJE!G$34,IF(G20=32,KILOMETRAJE!G$35,IF(G20=33,KILOMETRAJE!G$36,IF(G20=34,KILOMETRAJE!G$37,IF(G20=35,KILOMETRAJE!G$38,IF(G20=36,KILOMETRAJE!G$39,IF(G20=37,KILOMETRAJE!G$40,IF(G20=38,KILOMETRAJE!G$41,IF(G20=39,KILOMETRAJE!G$42,IF(G20=40,KILOMETRAJE!G$43,IF(G20=41,KILOMETRAJE!G$44,IF(G20=42,KILOMETRAJE!G$45,IF(G20=43,KILOMETRAJE!G$46,IF(G20=44,KILOMETRAJE!G$47,IF(G20=45,KILOMETRAJE!G$48,IF(G20=46,KILOMETRAJE!G$49,IF(G20=47,KILOMETRAJE!G$50,IF(G20=48,KILOMETRAJE!G$51,IF(G20=49,KILOMETRAJE!G$52,IF(G20=50,KILOMETRAJE!G$53,IF(G20=51,KILOMETRAJE!G$54,IF(G20=52,KILOMETRAJE!G$55,IF(G20=53,KILOMETRAJE!G$56,IF(G20=54,KILOMETRAJE!G$57,IF(G20=55,KILOMETRAJE!G$58,IF(G20=56,KILOMETRAJE!G$59,IF(G20=57,KILOMETRAJE!G$60,IF(G20=58,KILOMETRAJE!G$61,IF(G20=59,KILOMETRAJE!G$62,IF(G20=60,KILOMETRAJE!G$63,IF(G20=61,KILOMETRAJE!G$64,IF(G20=62,KILOMETRAJE!G$65,IF(G20=63,KILOMETRAJE!G$66))))))))))))))))))))))))))))))))))))))))))))))))))))))))))))))) -> FALSE | L20: =SUM(J19:J20)/K20 -> #DIV/0! | Q20: =((((IF(N20=1,((J20)*0.29333)))+(IF(N20=2,((J20)*0.146666)))+(IF(N20=3,((J20)*0.146666)))))+(IF(N20=4,((J20-40)*0.29333)))+(IF(N20=5,((J20-50)*0.29333)))+(IF(N20=6,((J20-90)*0.29333)))) -> 0 | R20: =+LOOKUP(P40,UNIDADES!B$3:B$59,UNIDADES!C$3:C$59) -> #N/A | S20: =+((SUM(J19:J20))/R20)-K20 -> #N/A | T20: =+S20*14.85 -> #N/A
E34: CRUCES | F34: =+'MELENDEZ SINALOA MANUEL ARAT'!F34:G34 -> 45936 | H34: =+F34+1 -> 45937 | I34: =+H34+1 -> 45938 | J34: =+I34+1 -> 45939 | K34: =+J34+1 -> 45940 | L34: =+K34+2 -> 45942 | M34: TOTAL
M35: =SUM(F35:L35) -> 0
C37: PERCEPCIONES DE LA SEMANA | I37: ADELANTO DE LIQUIDACION | O37: TOTAL: | Q37: =+F50-L46 -> #N/A
C38: PAGO POR KM | F38: =SUM(Q18:Q33) -> 0 | I38: CONCEPTO | J38: FECHA | K38: FOLIO | L38: MONTO
C39: DIESEL A FAVOR | F39: =SUM(T18:T33) -> #N/A | O39: FOLIO | P39: UNIDAD | Q39: ODM. INICIAL | S39: ODM. FINAL | T39: KM. RECORR | U39: KM. LIQUID | V39: LTS | W39: PESO
C40: CRUCES | F40: =+M35 -> 0 | T40: =+S40-Q40 -> 0 | U40: =SUM(J19:J20) -> 0 | V40: =+K20 -> 0 | W40: =(SUM(M19:M20)/2) -> 0
C41: DOBLETE | T41: =+S41-Q41 -> 0 | U41: =SUM(J21:J22) -> 0 | V41: =+K22 -> 0 | W41: =(SUM(M21:M22)/2) -> 0
C42: ESTANCIAS | T42: =+S42-Q42 -> 0 | U42: =SUM(J23:J24) -> 0 | V42: =+K24 -> 0 | W42: =(SUM(M23:M24)/2) -> 0
C43: BONO QMS | F43: 0 | T43: =+S43-Q43 -> 0 | U43: =SUM(J25:J26) -> 0 | V43: =+K26 -> 0 | W43: =(SUM(M25:M26)/2) -> 0
C44: CRUCE PERICAS | T44: =+S44-Q44 -> 0 | U44: =SUM(J27:J28) -> 0 | V44: =+K28 -> 0 | W44: =(SUM(M27:M28)/2) -> 0
C45: BONO TRANSERVICIOS | F45: 0 | T45: =+S45-Q45 -> 0 | U45: =SUM(J29:J30) -> 0 | V45: =+K30 -> 0 | W45: =(SUM(M29:M30)/2) -> 0
C46: apoyo pacifico | I46: TOTAL DEDUCCIONES: | L46: =SUM(L39:L45) -> 0 | U46: =SUM(J31:J32) -> 0 | V46: =+K32 -> 0 | W46: =(SUM(M31:M32)/2) -> 0
C47: BONO SIERRA
C48: BONO CAMARA
C49: PENDIENTE
C50: TOTAL DE PERCEPCIONES: | F50: =SUM(F38:G49) -> #N/A
P51: CODIGO C/V/PT
C52: OBSERVACIONES: | P52: 1 | Q52: CARGADO
P53: 2 | Q53: VACIO
P54: 3 | Q54: PT
P55: 4 | Q55: CARGADO/ELP
P56: 5 | Q56: CARGADO FOK/HAW
D57: FIRMA DE AUTORIZACION | J57: FIRMA DE CONFORMIDAD | P57: 6 | Q57: CARGADO FOK/HAW-EL P

Sheet BALLEZA RAMIREZ JESUS JOSE
Q2: SEMANA:
